{
  "encoded": "NHJ1+HG4iAZOwwjXv/DyRC1SVxT7zZ3cODBvSS5ANvIkZksYuq+eWQMVG12BXbvjTrXilsMaoc6XYRH/c2oZmzKIj79AC3zC9L3W4wBVuMy0fchKHCbFKKgHLy2CoUKHfEo+WoNfWhqccbTOK8Xpf+7O2bjrDf4cQ0X6Fc8Rgo4rWdvN7UkCGw==",
  "salt": "ZgZoILKDo07dTiYqu/c+ls2mm6+N9xgG0tNM+kqiokM=",
  "encoding": {
    "content": [
      "pkcs8",
      "sr25519"
    ],
    "type": [
      "scrypt",
      "xsalsa20-poly1305"
    ],
    "version": "3"
  },
  "address": "5D34dL5prEUaGNQtPPZ3yN5Y6BnkfXunKXXz6fo7ZJbLwRRH",
  "meta": {
    "name": "//0",
    "whenCreated": 1754997055996
  }
}