{
  "encoded": "54sE0b59YVlXq3/dR7XNvvuhf31GB7MXX97cJVdaCJO22iynbbevGyeg8mxO/+cSo+PMvXp3p1SfzUHM1MnoTTu4pVY6+PSsVnbtBObduHFd7yPd7na9KnxZpMEENEgSzaP2NhIkXdMMpC0YbOuLilWnAW2KafFzHSmj8LChzTithknmZ3q2BA==",
  "salt": "qKFqKZcnfz92VdWcWxlYlAGwJ6gKMcX6az8p53M4c4U=",
  "encoding": {
    "content": [
      "pkcs8",
      "sr25519"
    ],
    "type": [
      "scrypt",
      "xsalsa20-poly1305"
    ],
    "version": "3"
  },
  "address": "5GBNeWRhZc2jXu7D55rBimKYDk8PGk8itRYFTPfC8RJLKG5o",
  "meta": {
    "name": "//1",
    "whenCreated": 1754997056029
  }
}