{
  "encoded": "4eS2dibquyqO1xTFTVXF2WdVBWjVlnyL56wYfOXbXsPY4F7PHLQa6ZuZnWd3UpoOuefy5ii8Fca0ree8B33Qw15x/bSGJq5JShS0Fezlbdk8GuYoZcgYpYIxho5ONETHEVwptC3FDAmIAhpy3Ag7GfKbSdLtn7zYfZUrqfUt+LIk9yey9WbOjA==",
  "salt": "nvClSFKfuOHX3vVij1mZdwKvN72kXOuPJhd1ZKs0Z78=",
  "encoding": {
    "content": [
      "pkcs8",
      "sr25519"
    ],
    "type": [
      "scrypt",
      "xsalsa20-poly1305"
    ],
    "version": "3"
  },
  "address": "5Dfis6XL8J2P6JHUnUtArnFWndn62SydeP8ee8sG2ky9nfm9",
  "meta": {
    "name": "//2",
    "whenCreated": 1754997056061
  }
}