{
  "encoded": "Aby8l4WAdhpcZR2MZ18l1lhzKtDfyVvfOz9Epm3WwH3YRxOSDvGPlbRwYu6IOXhLI2Wdnuy8ZImZPRROExYcc3sdgYbUnTU61vSKSba1nnorcl7cU7mDWj9Mh1ay6FiKTqxg6fbFS3ufPwrScAxQdxLf76Mq8jfcjiZmJnOFip8ZMpAJJSguAQ==",
  "salt": "j/Fl7IwUXt0kqlq7Vj1Jh40Ex/0SC0Ild6KL6TsFXfM=",
  "encoding": {
    "content": [
      "pkcs8",
      "sr25519"
    ],
    "type": [
      "scrypt",
      "xsalsa20-poly1305"
    ],
    "version": "3"
  },
  "address": "5F4H97f7nQovyrbiq4ZetaaviNwThSVcFobcA5aGab6167dK",
  "meta": {
    "name": "//3",
    "whenCreated": 1754997056094
  }
}