{
  "encoded": "JQWK3mCbAYD0rHRIoYs/pMdj+XtMUJe9jdBydGaOAEkh/zHZIdStA1D222ldshkb4hiEKvpFlGZK8bnXAY9sO0ciN+BcDxB4KMdwhtXfeesqjlt5vFlYCiaDmEpFuk86I90k9mNxCvzAd1rDR2n2xq1oBawDwOvnqxRBFpTmBbvOlCGhbTGL5w==",
  "salt": "2Tb76C6oM+bve4y/cg38bnkRddh3umYxKzS7P4t18zg=",
  "encoding": {
    "content": [
      "pkcs8",
      "sr25519"
    ],
    "type": [
      "scrypt",
      "xsalsa20-poly1305"
    ],
    "version": "3"
  },
  "address": "5DiDShBWa1fQx6gLzpf3SFBhMinCoyvHM1BWjPNsmXS8hkrW",
  "meta": {
    "name": "//4",
    "whenCreated": 1754997056126
  }
}