{
  "encoded": "+khnyI2OaUULoQRM658ZCW3KHSxVsEU7gEgSBumWNeKPZ/2dEBse4vnJTVOGop/mZitZhDYNg0R4+5jMJEckTWSaX6ZjwPCqxnS+VvpRV6kV/tclgeR701JkxLr6VklsSsI9c/FKAVCNF1r/Z6mZFW4TznVLZYVHgujoJu7lMqZlDsNMhvYImA==",
  "salt": "lUCQpsfc4EKKWKVx5k1ppNRGsCU8j1mRTjqeyOjgAYA=",
  "encoding": {
    "content": [
      "pkcs8",
      "sr25519"
    ],
    "type": [
      "scrypt",
      "xsalsa20-poly1305"
    ],
    "version": "3"
  },
  "address": "5EFb84yH9tpcFuiKUcsmdoF7xeeY3ajG1ZLQimxQoFt9HMKR",
  "meta": {
    "name": "//5",
    "whenCreated": 1754997056158
  }
}