{
  "encoded": "d/PheP6SvY8Z8g93bK47Hueck+8llMfe7fHtZeUxDhbGLkIJ7TGloTsCLgoZ0hXqf7tAkW/rLNHA+kstTQbOxuT0F2wto4FKYwbg0X9IjHeqY+w82VpsEkcNjmAQuTCWagtxekAuHlIo25Rz9/WfTD3/AlrY/16UoOHgrl/XQplXBr0++NFx/w==",
  "salt": "nZL6lzT8e1YA4BE+zMmAX6q+Mn79rmE/mD3aitrxX0I=",
  "encoding": {
    "content": [
      "pkcs8",
      "sr25519"
    ],
    "type": [
      "scrypt",
      "xsalsa20-poly1305"
    ],
    "version": "3"
  },
  "address": "5GrwvaEF5zXb26Fz9rcQpDWS57CtERHpNehXCPcNoHGKutQY",
  "meta": {
    "name": "//Alice",
    "whenCreated": 1754997054823
  }
}