{
  "encoded": "EIspVWwaUgIA3Wr9TPbwlCq19g+4UR01vHXGCPz4O6X/sm3Bk31d2ZU4I2OdwGPTAcxWs9jVGlnzD31yIjFFzFYTHFHbjF49YkICrAeADpyZtLyRnz6KZ4CaFYxCEGJcOQsuB+ua26LPh+lL0MJyoePmPnLmAJ9wEDsMQMXmh0g13Ycw6bcFPw==",
  "salt": "S1US9Tatouu6cJvnvCWaiedxy/E/KQRZRTZDszU9UO4=",
  "encoding": {
    "content": [
      "pkcs8",
      "sr25519"
    ],
    "type": [
      "scrypt",
      "xsalsa20-poly1305"
    ],
    "version": "3"
  },
  "address": "5FKxrLQM24ZhLxcaQfJR3uMxMZh5gU6E4CP3yghPJLzCDnHN",
  "meta": {
    "name": "//Alice/0",
    "whenCreated": 1754997054860
  }
}