{
  "encoded": "hEHcUmf1oIbuu5Kf8rjL4Rky2IgZ/M/hUP+ieBl8Q2qyQleTg9OK1fDY7gLrtZ3y9E/ERHW3e0MXpSl3Rk9Tnh2ZqW5NLGh48CCpJHGkKjR0iJ7NlPyPmIKZMRCEQFEE8tKQH83PYTQe6XEJ54L3keRTFegwocQcMw+uc+bFzD60yvi49V1w3A==",
  "salt": "Hk9x0BKDUksxTbXh4zEyRuoBA/ugMe2xn+Jyd74n1zs=",
  "encoding": {
    "content": [
      "pkcs8",
      "sr25519"
    ],
    "type": [
      "scrypt",
      "xsalsa20-poly1305"
    ],
    "version": "3"
  },
  "address": "5FUdx3xPJdh2ZdD7DwPQRN2eMAFVUKpfPeoEZZiSraow9iVQ",
  "meta": {
    "name": "//Alice/1",
    "whenCreated": 1754997054892
  }
}