{
  "encoded": "9O4obT2Hcmvh5vGBgtDrpoHD6vDbA+GCoyUZkcHrAoaXBY6cnugHlFX7iDtaflChCr6gzAMtsoVkIM5jtCUAvRGP/JhCJdJONh1MhdnqWr9580Q9Oc1ZYjukcO4bcRB/X34MuSo3KnKV2TxfjpPxXEjqnOB4LqAcN16/lE7R6CBw0ySvAq8T4w==",
  "salt": "qIXerc0QmcOm91EUvWvASPFoEGOMkofelMOS+iwcHL4=",
  "encoding": {
    "content": [
      "pkcs8",
      "sr25519"
    ],
    "type": [
      "scrypt",
      "xsalsa20-poly1305"
    ],
    "version": "3"
  },
  "address": "5DZnGRAr28KP4GvbuxW2cBNo9Aodcm4QKUMj3Zqj67YjYStr",
  "meta": {
    "name": "//Alice/stash",
    "whenCreated": 1754997054925
  }
}