{
  "encoded": "NIc1263VPqTX58u80VE62T39h5C1+6soNknaiv1EiZ5Y1XhKepDJQX6KWo6c9o2E9oO5bnUvHunY8xRa3zc4rpjzoADUV9lRlC/AuEEJd36L1PIyORJ8ZoeSaaU4usk7p/1WCcrL1s543KlKt2fBL2paBvIHPsgVlDmD12U0NyCO23gzYP5lzg==",
  "salt": "Jn8difl7Xquh4liawafZQcjnsC8LiHq+BTV6OlMujKU=",
  "encoding": {
    "content": [
      "pkcs8",
      "sr25519"
    ],
    "type": [
      "scrypt",
      "xsalsa20-poly1305"
    ],
    "version": "3"
  },
  "address": "5CFcgb22HdU9iKXsZyn89cmrqJRVNHbHqhED47KxCAxV5DWH",
  "meta": {
    "name": "//Alice/controller",
    "whenCreated": 1754997054958
  }
}