{
  "encoded": "lpeqpJXLbrdZVmeDxNGydni0ZFACq9LyFtTufVLie5CL6aD9Pu5AbIPEDjoih8bY3KU64UEw/Q9WN/2uUSzYK/jFq+G4InP+cmT1ZbCzlicXVsqi+HNXuWgA1EjCPLbcpl6OqkxpzKbXuHJHuCf1wgyVIQihmu9JzEUdRZH36mlTKUdfLBwv0Q==",
  "salt": "lHRx9sUOPPYHposKwC/qwsktxUUuLqKOxC15yCwidAs=",
  "encoding": {
    "content": [
      "pkcs8",
      "sr25519"
    ],
    "type": [
      "scrypt",
      "xsalsa20-poly1305"
    ],
    "version": "3"
  },
  "address": "5F6Y4gGusEspgy9FriMMDJZVx4Ro69C1EAtkebuDPhsEmjmd",
  "meta": {
    "name": "//attest",
    "whenCreated": 1754997056460
  }
}