{
  "encoded": "4kBMwCF3aB15umSFNdTJAtBxHSN9471nDwGWZJLJCWcUK7g9g3hYJkPF3OV7xk0lZOVA1uB/7/x0gbTEvT6JY3WACiCZTViz5R+YFD6KBNZ4/s3u636rlI4qNvnXRQaYnc7l2yJGdVqvbLl7MBFKceAAXzfh6wrSdsRyoLctTjB0gsRvYUl9Yw==",
  "salt": "QfQH+ahI9LDSgIEv/XOPu0TjFezZd+nNjssiDXIqt2s=",
  "encoding": {
    "content": [
      "pkcs8",
      "sr25519"
    ],
    "type": [
      "scrypt",
      "xsalsa20-poly1305"
    ],
    "version": "3"
  },
  "address": "5Fe9GwJNe54eU2oPv6LSdxas5WgKvhMqG4ArJX3ykmNzxxGq",
  "meta": {
    "name": "//authority",
    "whenCreated": 1754997056394
  }
}