{
  "encoded": "6rkYZCXhSwGJsaBjtV8gE9U2KIqjn106Z6TEq/ihJdsv+u6h/8OoED4EkmFqZzYgwAb+bL+SAxoEPpGuF36V5acCMt1Hj4IgVgMojX5frkjBqv/xBUEzdD8I+FpKXiisMX8wSSWan0iubQB+Q8Kuhc3Nsv8ESaRAeu19iCGFuToItQzkV57itQ==",
  "salt": "j6nJ4Vpr7hasUENSSMwuSiCxP+qzOXiRLBd+m946y8w=",
  "encoding": {
    "content": [
      "pkcs8",
      "sr25519"
    ],
    "type": [
      "scrypt",
      "xsalsa20-poly1305"
    ],
    "version": "3"
  },
  "address": "5DZUNNXpqnT54RTxswtnU8diP55ioPmdLks4DxMZx8NdgNDL",
  "meta": {
    "name": "//babe",
    "whenCreated": 1754997056329
  }
}