{
  "encoded": "4wKTG67X5o7syPglON6DP2H2sWKD8R1nI5YPEVnoc+jFHgnfEDayc9dNv0fSbMqTjbf7FLtehpqz1u3SQeLvYontaRqWN2SvzxoAXiQ8KkwrGvqkjIoEGq8012iV8AAbMc/l4jjGoIPA3Ri5dZs/OPctosEgxhZptkG5almbgM5ew4ZOTmNL3w==",
  "salt": "+lYxL1cyuxzq9RYnPCW8qbTuzlJxKG3/SA4qP3fbzlU=",
  "encoding": {
    "content": [
      "pkcs8",
      "sr25519"
    ],
    "type": [
      "scrypt",
      "xsalsa20-poly1305"
    ],
    "version": "3"
  },
  "address": "5FHneW46xGXgs5mUiveU4sbTyGBzmstUspZC92UhjJM694ty",
  "meta": {
    "name": "//Bob",
    "whenCreated": 1754997054990
  }
}