{
  "encoded": "0Jln4Le4AING4w7lkz3pQ2Wya8fLpdRP9noFAa/vunso+1dmw+TrBpip3icGLCdvqq9w8dIHLWzeWDvi+yGMc7HKdqX8/hcRIf9pTh3QhRFn2wKcwYifFxzaW0Cz0rMfaoYIZrYP7FF5pWlbr5vYYgjj6yBplAfF47cGw6lyR3C3Y4UQm02Baw==",
  "salt": "aAQoo25RnAwFAXuIcFUrDoFjo7m0Vr+ZRXcurU58k1Y=",
  "encoding": {
    "content": [
      "pkcs8",
      "sr25519"
    ],
    "type": [
      "scrypt",
      "xsalsa20-poly1305"
    ],
    "version": "3"
  },
  "address": "5CHqEzcR3yB6uP4vhyTpPds2KJpF7uQNAaBLV7pLRcAjBN2k",
  "meta": {
    "name": "//Bob/0",
    "whenCreated": 1754997055022
  }
}