{
  "encoded": "JL+RGKZGCljIrILPx+15JNKHIJPIie9WcU+v2f3MOnYQgS7F5jfl9OG2GStHEFaCYdJe/ns2rP39GpTqwfoR4mRSPZTiA4Mx8pisMu47JjW00hSM3pgIAWxYKJ7USDeR/u/fOlCCOSGGbzbz5qR7IxT2HRaM4LWHheN6vXD0BppI3qTLcGlhsA==",
  "salt": "GzgrGDsPS8Y+0gVUwduPM8w3KN6ndPX82haTtq2okBk=",
  "encoding": {
    "content": [
      "pkcs8",
      "sr25519"
    ],
    "type": [
      "scrypt",
      "xsalsa20-poly1305"
    ],
    "version": "3"
  },
  "address": "5Ccj5QchVJ6wZXGEn9Xymi6pnifeFwUBZyADaBE8aPGT9qUo",
  "meta": {
    "name": "//Bob/controller",
    "whenCreated": 1754997055119
  }
}