{
  "encoded": "YD2+PBTfL1tokLM0XJSTyZyAVEO3qTAGPGS5xvzpLZPBQJmxsAP16x2Y+ucXh2IPDUj16v8lZXT9tunmjp5s9q8eqKNkD7LftMo87WSSyzM+muPQCEwd5ub1wLE9hyNLTx662qHNcv5OpKG7Kkw+F+mlP/mMAleq8DRnpRAWm/JRdcd/q8fXRQ==",
  "salt": "SeXyjLYVwnzsVvgVzSNYehLweEt3TyxWuM7ZcdFOtAg=",
  "encoding": {
    "content": [
      "pkcs8",
      "sr25519"
    ],
    "type": [
      "scrypt",
      "xsalsa20-poly1305"
    ],
    "version": "3"
  },
  "address": "5FeD15uf7x3BhWEnYwUDrwqodsyW5K3ofHeqwGn1omfQavbR",
  "meta": {
    "name": "//Bob/stash",
    "whenCreated": 1754997055087
  }
}