{
  "encoded": "y2ntlUH3lO4f+bnXrPRGdimzeNRQ8708fAkKBu718tGFGlN7xzcxLKVcE/XtQpf+29PBC69D7UpvhgK/Og0SPuwuRl3EfvkYjHM5OSAjI+g9As+qxm1nHnMnwUpieKv61xqMq6y4G4ItLsm4bRUi5TnYLgWCHc8+7O5LvfyfjPN8ik+19BCHPA==",
  "salt": "bNlx78/z777002IJCsXRnqJYE28Fm2N6Df/gs2adxRQ=",
  "encoding": {
    "content": [
      "pkcs8",
      "sr25519"
    ],
    "type": [
      "scrypt",
      "xsalsa20-poly1305"
    ],
    "version": "3"
  },
  "address": "5DHtSQu67JWNnuey3wRP7x87a8fakVgFXMcREbFSmyNry4Es",
  "meta": {
    "name": "//Bob/1",
    "whenCreated": 1754997055055
  }
}