{
  "encoded": "U2ffFFAT2VVLrKhDnm2IFislQIQOFNVcPkprW26oLkB2xLEIRdftcP3ixzlJWUymX7AcvmW74nsc9W3tpMrTqwx4/8VGrOJ1lAQGFErdVDafjvLUzumyXwyP8PW5U4Ei8+jAGiQny3LzDXqGibW7Cg4gnijK1AXAAoxv1Z02Xera71mGn+zXKQ==",
  "salt": "7y/H2D5vzN90f3b85XcH38sMC41PRyt4bORobVotNoI=",
  "encoding": {
    "content": [
      "pkcs8",
      "sr25519"
    ],
    "type": [
      "scrypt",
      "xsalsa20-poly1305"
    ],
    "version": "3"
  },
  "address": "5EwCZjuPYYZoLGNYBfgNuW9DsDrpnqdPfKiVW9ZNx5JAhmG8",
  "meta": {
    "name": "//Charlie/controller",
    "whenCreated": 1754997055282
  }
}