{
  "encoded": "zzGYV8auv1coWzh4JD7zNgQR9Kt1R+nUoqizNp1hWwrH97t+zQkmxjr61n3r3m388A3xIoaodNi69hShAohfG1Vol2tijpqDUh3J38mtOyjXqQ8ddx9zG/c7E3WSY+PMisARKza7JlS972t4rvVhTKLz0fCt3RFtke6OC5VwstT8k4t8YRVMiA==",
  "salt": "cYPAbjOjvnEXuuN8rrO4avd6RZOcZHP4k1Z4qLYcYW8=",
  "encoding": {
    "content": [
      "pkcs8",
      "sr25519"
    ],
    "type": [
      "scrypt",
      "xsalsa20-poly1305"
    ],
    "version": "3"
  },
  "address": "5EEzV2PH4PeUfyqqwe2xcG6aQ9sqg85ynGHPSiCezFb74JYQ",
  "meta": {
    "name": "//Charlie/1",
    "whenCreated": 1754997055218
  }
}