{
  "encoded": "js2ttmrvro6QKeBCuGMxuxg1BrePB9PGOldFJ1SIjQqswbq44UEeyKEuLtA4qsCLnl6dwVBHQSFmq2wPapfllX13T5UlpPVcxA8efhsKoJrb6iYf+MUImkLw+ban8WD2EUXddYWQRz00gpwQ3TUwVutg6DXsg/xY3i2Xc+EUnFhRn8ochO/uNw==",
  "salt": "abzx9h5UdQaog9ke9baofcr235rDAB960VUaJhT/jRo=",
  "encoding": {
    "content": [
      "pkcs8",
      "sr25519"
    ],
    "type": [
      "scrypt",
      "xsalsa20-poly1305"
    ],
    "version": "3"
  },
  "address": "5CAXipknkaKzpf2Pqh9Tmq1uBSkBxDBeHcEqpepyPnmELDZc",
  "meta": {
    "name": "//Charlie/stash",
    "whenCreated": 1754997055250
  }
}