{
  "encoded": "3i4EkECmxeZQqpNX5HYpbhSM5ROeTk+XovqZGRRc5PJ9ui2Ta6gmlERplATtZN+dMBmjHHVhbV+bYkAjcXtbOzFzzEh86Xrdz2pYhhwXZmiJAKtYK6jqlsM72aT5/GjaJuuKh2KTsRFr0s87cO0lHwYb2vK/4UyvsrVw3P5Mffr595wTzi/ReA==",
  "salt": "Rp1iiotlz12G0hV1UZ72C895iwYhjgIYPYMe2//76ig=",
  "encoding": {
    "content": [
      "pkcs8",
      "sr25519"
    ],
    "type": [
      "scrypt",
      "xsalsa20-poly1305"
    ],
    "version": "3"
  },
  "address": "5HTS6T8o4NEYtaJzCAZCFhps2MkAk8c1x8AshzKDoeEUVd2Z",
  "meta": {
    "name": "//Charlie/0",
    "whenCreated": 1754997055185
  }
}