{
  "encoded": "kdtU/8YRt4/GNL8Vnyd4/mIMEmKUjbdhqT8eEGYtG0nZfeTQ12VoR+4J++4R9w/2tgmgkrbdo79Z481mQNCaJOeADkYu8DcGJ4uy6fMCmlLXErhA+Q/kpCSdltQ3GvBA5qcs2fcKjgAopwYSg2pt8WatZ+l4dgFP2xDKqcEWfXJ2ClOx+Xr8mw==",
  "salt": "OFC6pIXacs1BbTuMlvNaqmvhRHq9gDhKrpWO0yW04xY=",
  "encoding": {
    "content": [
      "pkcs8",
      "sr25519"
    ],
    "type": [
      "scrypt",
      "xsalsa20-poly1305"
    ],
    "version": "3"
  },
  "address": "5FLSigC9HGRKVhB9FiEo4Y3koPsNmBmLJbpXg2mp1hXcS59Y",
  "meta": {
    "name": "//Charlie",
    "whenCreated": 1754997055152
  }
}