{
  "encoded": "NP/Wm2stsTT/gDrMdKz1R8QeGEQCEEo2QMo+FiX8aTeMTYRetPyt7vXg8PrTXKa6V4tE2cfIURbYE4xNClBU5RxDmoF0JepMC8BuXomExXGfREUtU2c4LzU+Oa3Ffg6vzMiWu0t4CDuIHzdQVOWjmbU596YEmfNJ2A/V+oyzSC3w3qJpUL32zw==",
  "salt": "QculOUM4YElREYj5a2U2br0B8k87E9pbg/o4r+9+sXM=",
  "encoding": {
    "content": [
      "pkcs8",
      "sr25519"
    ],
    "type": [
      "scrypt",
      "xsalsa20-poly1305"
    ],
    "version": "3"
  },
  "address": "5C58EL8bSKMuvHZ81BdX3hnK8Lr9sK4JWPLhsUYKZFnVF2Va",
  "meta": {
    "name": "//controller",
    "whenCreated": 1754997056223
  }
}