{
  "encoded": "fJKSAUeLgFLnYcFkn7NQOGeFzF9Hm9NadDUrp0vdk1hlG2sycGYN3mVH9UTCAKXh48i4UYnHlB25MutTDxeOFDrKRWFzbET9Fevkaumxr/WuwVDjgVi7k+f9+fWT7XUUw1uWr/Zg/PMbUYox/aCvjY7J717GuonUkUMNfe0ZbwBwcqduLxn/Ow==",
  "salt": "W2SFXBbp16FG6MCzA1xWB1C4Y5tIwSYmV+O9pqyOOB4=",
  "encoding": {
    "content": [
      "pkcs8",
      "sr25519"
    ],
    "type": [
      "scrypt",
      "xsalsa20-poly1305"
    ],
    "version": "3"
  },
  "address": "5GxkF195Et3EcVqnYmgR862Lb477RYAoxQ4W2ws8EKqavPTQ",
  "meta": {
    "name": "//Dave/1",
    "whenCreated": 1754997055379
  }
}