{
  "encoded": "0LTKLHS+99gcDgUJl5U1sjpcqGzcdaJz3I7JNLufYCKwsjj3EWUWdBRHT9eQfM6wsP4Zu5qqjcQ+Uoah2ljTUYMQmeIY7LCBXqhjW9lz/ds56LAgTf/Zopd7poeQA0+td3yXHTZuEo9yLo5D7jmQT8DPZ2Flxsuyl6XGQfU4qp8VxLUTGJzjlg==",
  "salt": "JcyrMtLXYRH5/yxEgSM0mIrOdhMlWg1nUVTnh+pIHKI=",
  "encoding": {
    "content": [
      "pkcs8",
      "sr25519"
    ],
    "type": [
      "scrypt",
      "xsalsa20-poly1305"
    ],
    "version": "3"
  },
  "address": "5DAAnrj7VHTznn2AWBemMuyBwZWs6FNFjdyVXUeYum3PTXFy",
  "meta": {
    "name": "//Dave",
    "whenCreated": 1754997055314
  }
}