{
  "encoded": "QsvjWMFJdbsk8I2y7j984zv13KD3AJ1pMP5FSrF1xlss0cBFGPq8J1qN1J4JNUgHjkuOuQ4fMz6xq07OxVmbimfDuIyPMMBCZoCFPQPo+h++a0NH9178ecYT7ErSeoKxD2SFB3uxFhp0SXwewT9rnyEuaDqKXO2dajnzHbYsAkxXzKsmRL9h7g==",
  "salt": "hK/u4LnkuHof3zLuHC/bS4ufTUpE2CQC+PxiOTqGcjs=",
  "encoding": {
    "content": [
      "pkcs8",
      "sr25519"
    ],
    "type": [
      "scrypt",
      "xsalsa20-poly1305"
    ],
    "version": "3"
  },
  "address": "5Coj1TfitxC6dgpi78T5BcHjRR3M2tc6XZTjvSSifxuSoByU",
  "meta": {
    "name": "//Dave/stash",
    "whenCreated": 1754997055412
  }
}