{
  "encoded": "ODeLanenwC5SdamVyf7KOHJnxfwtaCEZJQZ1sVC0pDvPw5qfYegPIO/PI6RY4GILMY4ZpJhib2LKoAZnpjAjZGoR7/1BaBtEeLUAxlaKGfcO/DBDdu3WeWYrwsA67yNb2yqBli9Sv1NBcV380/RsDOwPCpGskJ6j3OjF5l3tVd0H6HCvMu5suQ==",
  "salt": "7usmpQi7/NSL0mykVkpROAUaXCD4RsRFW/+8NaLeaFM=",
  "encoding": {
    "content": [
      "pkcs8",
      "sr25519"
    ],
    "type": [
      "scrypt",
      "xsalsa20-poly1305"
    ],
    "version": "3"
  },
  "address": "5GYzKuS1ePMYcafjt5XDXXXmYym6o9QPdShBrqLiEvhiL5qe",
  "meta": {
    "name": "//Dave/0",
    "whenCreated": 1754997055346
  }
}