{
  "encoded": "1s9DhdbkPtoNrgx+tZX5Y9OLjhisxAxBN1qtSFe0AJx2e0eYqGInjgN5RUP3nd5l6x/ag33LjIXoD3vklxENYqNiW0L92L8L8rZpTRlW2XeMEwyQ4z9xwgW+O/n6bTxl9nUy22xtQzL5QkFb8cWXZRFtA5PExC7h8x45cKBy0dydUst6GpUGjQ==",
  "salt": "m+yizP2L4pTVeSLYOQkTAHbAJAeglKRFXK27VFilWPc=",
  "encoding": {
    "content": [
      "pkcs8",
      "sr25519"
    ],
    "type": [
      "scrypt",
      "xsalsa20-poly1305"
    ],
    "version": "3"
  },
  "address": "5GjXqvZbBwuAjCcb8A1UcpwCV97tALFZ59Pwz8f1bGMgESQK",
  "meta": {
    "name": "//Dave/controller",
    "whenCreated": 1754997055444
  }
}