{
  "encoded": "zUI63X1PYHxRj+zhQymo1YqjDk7ecFLTWU4H9mQCdajv5dEy8pWuaoE1vqbVKgzPpaL4Bv4aVYmXHJdAal3oBatRnIQWcgrm45NC/aRbvxSu5rW5RP+tICM1tKHFEKpjjx5WkMkVP49xzUTGxay5jH/SCKxq7o9nbHuMTY1DsTZyYNK8Zo/eQw==",
  "salt": "RebiGCo/i/EH3ADM9zAkxBi372EdP1kAB2hRPwecqes=",
  "encoding": {
    "content": [
      "pkcs8",
      "sr25519"
    ],
    "type": [
      "scrypt",
      "xsalsa20-poly1305"
    ],
    "version": "3"
  },
  "address": "5HGjWAeFDfFCWPsjFQdVV2Msvz2XtMktvgocEZcCj68kUMaw",
  "meta": {
    "name": "//Eve",
    "whenCreated": 1754997055476
  }
}