{
  "encoded": "8nqvXA1RORTdtQkZNP5BhHW2dKrBMWlEVngfvSRdE88IaJTjCtgN6kaGUGR9wlKRmLKjFClA280n7JHzh1B3u+4aj/3/cO2Gf/DDYtsn9M782TH9bAqYfzZqTrRqfPcm5tp2BrCxhvnI8j3yD1pOWajvn2vLLJmjPM/zwKaaRvtUWqAcSvrSAQ==",
  "salt": "YFWnONnYLBEizrs6DFui4PYcsV4h9iFmvJNDDnhE80o=",
  "encoding": {
    "content": [
      "pkcs8",
      "sr25519"
    ],
    "type": [
      "scrypt",
      "xsalsa20-poly1305"
    ],
    "version": "3"
  },
  "address": "5GGcgeHHp8Vmgdp2UokEHTgsaXd5MLZg1zN74VJRehfHCrpz",
  "meta": {
    "name": "//Eve/0",
    "whenCreated": 1754997055509
  }
}