{
  "encoded": "KC3x2cGq3CjX9lPxgVxMhVCY/qFAGduc/cb0rhaGOlFVD3Gj9M8L5K17wnCqD63qnU86Ph12v66WbVS+6mAwYTB5MQSKMY9rw2DczOxtaK0Pr2fGPuzKGji33sAtf3ORc9LiEQwh4rDxlurffeAVtsXFWIAH5E+G1LjB1KFVK4z6VZuWvj/a8g==",
  "salt": "tTpquKYCdHu6X1h4Wqo/pekETjgbgy9TPi3ET8jvUDY=",
  "encoding": {
    "content": [
      "pkcs8",
      "sr25519"
    ],
    "type": [
      "scrypt",
      "xsalsa20-poly1305"
    ],
    "version": "3"
  },
  "address": "5CQLMQisbS3F4PLs2yvHwfR8s4dnToDUgTfUaeqBTcxxDV9u",
  "meta": {
    "name": "//Eve/controller",
    "whenCreated": 1754997055606
  }
}