{
  "encoded": "bry1fIqy2dIralKJvFdW2Q8fIp+StrXJ+ZyfAAJ8OVAbEmQMChDPRXA22ELvUIwYnjS6Fz6UbjJB7ceunJzGwxaWs7GzfCHjYcOGw+9pkqyDytFJZwgW97mFjPv0Wc0UIZ3Fl7mThEEi0CNw5iTmnfhaMn09oYFdGEfNJrYKgVz4y2L2OsHV5A==",
  "salt": "9R1zioiVovfpTSf+ZTyM9ewVCZl4xR6EN9xDZ9y+Vn8=",
  "encoding": {
    "content": [
      "pkcs8",
      "sr25519"
    ],
    "type": [
      "scrypt",
      "xsalsa20-poly1305"
    ],
    "version": "3"
  },
  "address": "5GHiUxLpw1sj53g5WHqWnvJ7ADvTqoZqmarseh1vDyp8y7k5",
  "meta": {
    "name": "//Eve/1",
    "whenCreated": 1754997055542
  }
}