{
  "encoded": "5P4bfiCaps5WMd8ts+3vxNqfqwh1LEF/SykxgMPpllKgEnfjIPY11EwGQrvaDUqnVamG2+3HIyvVltcMxhIjeAz+rlxmGjQloXq3d60AemdY5Qbu1/Ca55NoDiJtQNkz7r5xpPEpQ1RhTITSuf9vXhDSafouN+Df97du00y5KlDAg5MBWTYTZQ==",
  "salt": "JepbC3wh7J1mLSzBPYHQodTJOt3/Euqb72P3WOqa8p0=",
  "encoding": {
    "content": [
      "pkcs8",
      "sr25519"
    ],
    "type": [
      "scrypt",
      "xsalsa20-poly1305"
    ],
    "version": "3"
  },
  "address": "5HmRdizt91GTiVfrqn2rVjKMmH9krmF2DgiuvKtutYrqozA5",
  "meta": {
    "name": "//Eve/stash",
    "whenCreated": 1754997055574
  }
}