{
  "encoded": "qik8zQOCtVZIORQMXveiZ0dhZhUBY/lAnt/jWMoO1x8N0jo2I4lzqYUiGxClh1dvPQ6E0OuaCTAy3Q0WIz9qjL/RFXynQwKw+f2D43hxTNWmDviUWZtVN9CuFnhlVIGnyii7bKS5hNjSHXj/MOiUlvDX+oDCNBVIr+j3bq0FiAAvi9xFRI/6pQ==",
  "salt": "zYAv+LQ0Pi3fsFCCWIuujVioGqkBHTQ5eQeW9mrZXtM=",
  "encoding": {
    "content": [
      "pkcs8",
      "sr25519"
    ],
    "type": [
      "scrypt",
      "xsalsa20-poly1305"
    ],
    "version": "3"
  },
  "address": "5CkiD1xTsWM6JDP7psQcCiSZpqTA3HMYNP61vvBJVVES6hbD",
  "meta": {
    "name": "//Ferdie/0",
    "whenCreated": 1754997055671
  }
}