{
  "encoded": "iycPDWEHyPqj8Jq1cofXGBUsn7jAdP5oHI5wImHvbenzbW7AioLCrcQPqTQqJsGdliQ4vuIYzhPt5kOYXmiWGXsgbHgzqiCE/vxdAwkj7KsZQt3p/BYf5OimufWkzNW5s/exXH7IbuLa6m38mYb/l1UY+/tFvZQRw9wjowe0PMxEo2j4xDZMTg==",
  "salt": "ZsPNrBMfNeqaEDTBjgOb65lBexNWH0RXO0lsx1MY2E0=",
  "encoding": {
    "content": [
      "pkcs8",
      "sr25519"
    ],
    "type": [
      "scrypt",
      "xsalsa20-poly1305"
    ],
    "version": "3"
  },
  "address": "5CiPPseXPECbkjWCa6MnjNokrgYjMqmKndv2rSnekmSK2DjL",
  "meta": {
    "name": "//Ferdie",
    "whenCreated": 1754997055639
  }
}