{
  "encoded": "AqWQQE7hXKGyZDcaGVZiLKeue0T+fr2y8QFHpnPB1+rnakgjUc4Qrpvdyj2nT0AeghjH0vkR2bxec20CUWud4f45YuFDd6wG2HnQ+IuYJGIe5ckg5NLiG7OCvDGIY6u80fazKhCB7cVfk6o663yeCUSpPY1zzkauJn/9YiODOvuzXV6ne/vpdQ==",
  "salt": "2t02MO9scYaz3xMhd6fmO+Zu5Qa9qzchucKbrrZhAiw=",
  "encoding": {
    "content": [
      "pkcs8",
      "sr25519"
    ],
    "type": [
      "scrypt",
      "xsalsa20-poly1305"
    ],
    "version": "3"
  },
  "address": "5G7P8uTsFk2v9zDb3G9hiYEZLXQsJiPD7aGdz5Mk1q2WCZrd",
  "meta": {
    "name": "//Ferdie/1",
    "whenCreated": 1754997055703
  }
}