{
  "encoded": "64riTyyl7WuCRHxbxKYcUPHPRYkwlR69dv4G0sa+T1FEb0WE/mAawGNKAG+UIY2j/8yZB8PMqBLdXjEYoqFtqBcgeqO7lfuU1TZaHomulh7ZjOZcgRsQqHToMu2vdnRV80abb0EXml/P3INbeySkuZirhSo+zWPlFuUISzkFU3u0tfnjK28N+A==",
  "salt": "G3ExRoFACoO8DtbX6vRsmPlwiHcVVHsZA5xV20a6p0o=",
  "encoding": {
    "content": [
      "pkcs8",
      "sr25519"
    ],
    "type": [
      "scrypt",
      "xsalsa20-poly1305"
    ],
    "version": "3"
  },
  "address": "5GazihjVayfGCe5Wh5hcZoHTXWxMwH4EUKP6kM8xBgmtUrnD",
  "meta": {
    "name": "//Ferdie/controller",
    "whenCreated": 1754997055767
  }
}