{
  "encoded": "jNP3U1Id2K8bGQBdQwY7ejBxmm4ej/AX/TofHc+LrqskfrvewTxoDs37E4LjyyvL3eBnWgTgKmZYfpMjogAxgWCF06lURdtYI/lD+CjeKPWD/Nszp9X3OXbnotc1vqC+JOs6FndjtFvvjgpGvqH1vHSxuDb3B4m0O7FgvlLNIQHB5E2igaUFWg==",
  "salt": "blVGpjzxkJjAuvag33XLhtVWR4AHwp0jNOhGCHvYONw=",
  "encoding": {
    "content": [
      "pkcs8",
      "sr25519"
    ],
    "type": [
      "scrypt",
      "xsalsa20-poly1305"
    ],
    "version": "3"
  },
  "address": "5DqwVjnYsmg4UG9nTXNnfNCPkHcSVtdZCqoJuQHJXooT6du7",
  "meta": {
    "name": "//Ferdie/stash",
    "whenCreated": 1754997055735
  }
}