{
  "encoded": "uo3P2IK09l4Kwh5o/F/lZthT8Y9eCBqOme+vpxdlkxuhBZFrjHlKflAdpFKU9ZEgazOV88w/uobRA1RyBzAoRQsx0s3d3Zf99t72E/Z40DY9saydS8WuB6INekBYwXXAYTwNwOfB83uC92YhyhsRdC+djnyPUGVM2ImhYcpSvcJpoT0NrINVDw==",
  "salt": "I63vaOfL9ncfMLiqztcT6o+Um0q6k8q+Rt3VJzKcygU=",
  "encoding": {
    "content": [
      "pkcs8",
      "sr25519"
    ],
    "type": [
      "scrypt",
      "xsalsa20-poly1305"
    ],
    "version": "3"
  },
  "address": "5HWJRzsDM9c2gNevpauWhSdbh7DQQCXGBfd6yoa9DXUwce78",
  "meta": {
    "name": "//grandpa",
    "whenCreated": 1754997056297
  }
}