{
  "encoded": "A4j3p7jZLFMuX+Z9g4y5nrPnPlhaeUX0xL5ChD/kNMROrgMg4TxMnR6iqoKLBLg9Qakj3GujsUD7UWsdkGsS8HU5e9r9/TZAMqgMltNQntCVTlakU5jwE2aNyaRbZHjanUIF7AYHa26nsnqNw4Ggng07pta/tSePYp/j4305o5nlCY5O4nWa4Q==",
  "salt": "ZTRzUqXLNJ6+qrQj3RDsEMT2gSe+DHUD8gEEFx/Y2vI=",
  "encoding": {
    "content": [
      "pkcs8",
      "sr25519"
    ],
    "type": [
      "scrypt",
      "xsalsa20-poly1305"
    ],
    "version": "3"
  },
  "address": "5GEDVfpZFdz9QZgP49kEZxLvEH5Fc6jnHJuwmAEtGXhWCCVH",
  "meta": {
    "name": "//im-online",
    "whenCreated": 1754997056362
  }
}