{
  "encoded": "iGgpB+9GZK+G0lEkzsdbZlLnmX2DMXgPmOXBuCFiEVeD6DjJEUbgGlgcTUDuPrdbtteA2xl5ALq8VpJ5FF3eqJUpeKX7xNmjsxrEaN9JsrtiOC7tb4C8mG00vwtQR11lwp0P9doh46inxgrIMWPMFADcCgYvicOxKdXTpyqD8BYyueOkmoEj7Q==",
  "salt": "UoIMKcXoEZIL6SCdz5bc86h5mwlgP3j4yGyva4/dJVE=",
  "encoding": {
    "content": [
      "pkcs8",
      "sr25519"
    ],
    "type": [
      "scrypt",
      "xsalsa20-poly1305"
    ],
    "version": "3"
  },
  "address": "5GBiLTF2zcBUnMbwkZPAZSAGgqxd7RRywCK85vrXSnV5eCZz",
  "meta": {
    "name": "//session",
    "whenCreated": 1754997056255
  }
}