{
  "encoded": "HzBKrsMLr920npMXz8+v/JoSrmIlI7xrkzofl9kKlo4sD+m5gG5jONl5npVf794mHPnuRmf07m3TTtoKPTZO/YdaiH3EYJzK1qpmsnKzv0tlOm/lgv8L4bN1VE+zjlw0Lmqy525wPMDwXe6mguEgIYnUnGJj9ImYCpbd2SKcaf+5OJLE0tDh8A==",
  "salt": "fIyl86KUwyWZDOmga9RNqUUUaUDVGR9F1MG0XZ/c88k=",
  "encoding": {
    "content": [
      "pkcs8",
      "sr25519"
    ],
    "type": [
      "scrypt",
      "xsalsa20-poly1305"
    ],
    "version": "3"
  },
  "address": "5EfJa56i4Zj6DRq3BA8eyyLeo8waVmJFiGZbWp3qghLb3YTf",
  "meta": {
    "name": "//signing",
    "whenCreated": 1754997056427
  }
}