{
  "encoded": "OP2KeNcq/0fxXFjjrdFQMAXVnaXIs8SPeb1iurEjCJ6U2rh5cLhiGp7M23VqpFoJc3O+ZX/GaKNzHyOmkayCujXIsgvs1ODnjY1MHwOpCB114n18Hg4kZBMrHkYMOXCwaxwmY6MJQIdWy6kmII4rYvf0MoNH7vRH23WGQ8C12VYZ2uTphySNCw==",
  "salt": "Thd3NI7s2NSUJSVKBRAvFnbwFHLpZpQe3zKVEbXkdoE=",
  "encoding": {
    "content": [
      "pkcs8",
      "sr25519"
    ],
    "type": [
      "scrypt",
      "xsalsa20-poly1305"
    ],
    "version": "3"
  },
  "address": "5GWkYfrZSnUFY4k9MjaRLRs3P3jxTVUrtK29dErs5kexe2as",
  "meta": {
    "name": "//stash",
    "whenCreated": 1754997056191
  }
}