{
  "encoded": "990rTblA9Gjb3gpo/Ifwl1c7C6kQ7MwLNk9Jx1ettPWtajzJYrwvKdpDMGolB2jJ3p3Zwq4N93KYmwx4yLVmfu4wmQNxPzEJU2u9iMbmfa4P/iHyeNtopL5drKtCfL37YUgV6im3avJ+n80T5HWUrc+lVybrc3AV72yZEHuol0Pt+uwP832G8w==",
  "encoding": {
    "content": [
      "pkcs8",
      "sr25519"
    ],
    "type": [
      "scrypt",
      "xsalsa20-poly1305"
    ],
    "version": "3"
  },
  "address": "5CiPPseXPECbkjWCa6MnjNokrgYjMqmKndv2rSnekmSK2DjL",
  "meta": {
    "isHardware": false,
    "name": "//Ferdie",
    "tags": [],
    "whenCreated": 1754999239062
  }
}