{
  "encoded": "0S3qdSGdx05m5n0nZTJY4GlZFlLj7zmvKe8doJ3GkYZIg+HIdX8qhHmOqB4JPIUAqt2fxU73/nXRQqqLzyVoRovUJRZEA4c4fAIY2chCVzeTPDDO/VJhSnxabdvxnjiaEZe345dOoHpfxQDVz4dNBdWrNuN2X6hXm9UtPRyeZK4RCEGJCvin6g==",
  "encoding": {
    "content": [
      "pkcs8",
      "sr25519"
    ],
    "type": [
      "scrypt",
      "xsalsa20-poly1305"
    ],
    "version": "3"
  },
  "address": "5CFcgb22HdU9iKXsZyn89cmrqJRVNHbHqhED47KxCAxV5DWH",
  "meta": {
    "isHardware": false,
    "name": "//Alice/controller",
    "tags": [],
    "whenCreated": 1754999238301
  }
}