{
  "encoded": "zxjhM6phfobW5StPJ7Iu1EPRi8COp4k94lktDQCMuDTEMyGcS+MbAY1kS0N8n0b3qXnvcymIzkfjJ9aKM8Fu+rgC9448EADsoQjo/bhQRERjJ0CTZVDd9vjdSGyb3W1k2UWT8Ctd9ZzlxBXR3s3VAGqW9Sw/QT3XTOkfE9wI59DZm0ZSUvZATw==",
  "encoding": {
    "content": [
      "pkcs8",
      "sr25519"
    ],
    "type": [
      "scrypt",
      "xsalsa20-poly1305"
    ],
    "version": "3"
  },
  "address": "5Hb9ZVTrMdsk4s1hqjdWzgvdFEh8pVtjGjRkjc3GfySUVMga",
  "meta": {
    "isHardware": false,
    "name": "/Alice/controller",
    "tags": [],
    "whenCreated": 1754999237206
  }
}