{
  "encoded": "5JKLEPMFdFXPTvQlofwrhLnZrPhbBPElBkfhHJwFjdFqdBDqLcYfPe9iBci69vMC1oaBnJqGbBNhHYC7toGQ+asXlcuBIJ7zMBZOGqV9p+KaLJKYo/rhaF5tM9Aw/S8JEd8Km0LhLrY8Nl346qJSmDEzhV1WRNOnOSLkyXvDIhcmlqNPgukVOQ==",
  "encoding": {
    "content": [
      "pkcs8",
      "sr25519"
    ],
    "type": [
      "scrypt",
      "xsalsa20-poly1305"
    ],
    "version": "3"
  },
  "address": "5CkiD1xTsWM6JDP7psQcCiSZpqTA3HMYNP61vvBJVVES6hbD",
  "meta": {
    "isHardware": false,
    "name": "//Ferdie/0",
    "tags": [],
    "whenCreated": 1754999239097
  }
}