{
  "encoded": "FszIiIeIfhkl1DZ4Xrybrm30EmpFq/+DWJ5agRj7C4wqEwgfb9kAJxDO/DmBWcqH13xSX/OdEv8SY/mx8L1TwThMR838AspVZDDMJOwrd6wrbid+FrkllqeSz7PYOiM7AtjoWtGu5+shzN3brqzHm+Z6DErXbZa0eA1migEXCmgqT6Br4rgdtQ==",
  "encoding": {
    "content": [
      "pkcs8",
      "sr25519"
    ],
    "type": [
      "scrypt",
      "xsalsa20-poly1305"
    ],
    "version": "3"
  },
  "address": "5GC7NpnNAE7s9i66qwZufbCD7mmQWzWydoVq414zT9KECoZ1",
  "meta": {
    "isHardware": false,
    "name": "/0",
    "tags": [],
    "whenCreated": 1754999239241
  }
}