{
  "encoded": "TucVc5HI/zfCKpLF4mRddNBaZRzR07Oh1IefE/alRaHHu1MDQmey6TSTZ1+SAxeFl9b07khvNRxKx4H5RTtc46uqBwtB1GhQn+oQuMs+fGBs20uCdghxIqGdO+Cbq03vr63j/+cY6kjJl9Tx9jy86ypd5xflgE+wWL4CMw0nLj54d57dNwsc9Q==",
  "encoding": {
    "content": [
      "pkcs8",
      "sr25519"
    ],
    "type": [
      "scrypt",
      "xsalsa20-poly1305"
    ],
    "version": "3"
  },
  "address": "5F1CsqXPCKVe9GaTfXmrZFv38w8QhJvvQszNKVuqsdNt5cWA",
  "meta": {
    "isHardware": false,
    "name": "/Dave/controller",
    "tags": [],
    "whenCreated": 1754999237754
  }
}