{
  "encoded": "ftsuyNTrzO+Zl9UfKaUP1oUvyDRg5u65NX3EWp6F69/3vIhbEUtKSH0yypSwm0fagWiLsVNa2cPrEK0/foKWpGzo9YZV4D4M2E2JHH6zQBFv5fwAl22ss4RD2cOnB8dCh21FjxugBi/IeIapdvg9F+/JH1U/LwI/x7zKJyT0fXZ6oxHYED3Q0Q==",
  "encoding": {
    "content": [
      "pkcs8",
      "sr25519"
    ],
    "type": [
      "scrypt",
      "xsalsa20-poly1305"
    ],
    "version": "3"
  },
  "address": "5GHiUxLpw1sj53g5WHqWnvJ7ADvTqoZqmarseh1vDyp8y7k5",
  "meta": {
    "isHardware": false,
    "name": "//Eve/1",
    "tags": [],
    "whenCreated": 1754999238954
  }
}