{
  "encoded": "u5CZYSv74KFDuJgazkwB/g6lXm1jpJ/YBQO7ipCpx3opw657ngmvLWlPpXxLR4hr+KWHvUYTOQtv1S+9la60r8A8fUp/d9GmI11J4O8RZkOEzrNR5QpaCm9HrJTiJAcM1a9nlK4YlPiZ9F7SIuCIxqpnY+zEn4WJXVy7gb53nSE9Q5qp1/1Ouw==",
  "encoding": {
    "content": [
      "pkcs8",
      "sr25519"
    ],
    "type": [
      "scrypt",
      "xsalsa20-poly1305"
    ],
    "version": "3"
  },
  "address": "5DU4RrBj5y7i33D1kKzG5fRwbdqRdm9TPd1VPUveh12HphxA",
  "meta": {
    "isHardware": false,
    "name": "/Alice/0",
    "tags": [],
    "whenCreated": 1754999237096
  }
}