{
  "encoded": "WcYXRFN0OWgElWjGfO/oQBRD3U11AHDrYP6yKJkMa5+AwAOo0gDd56Cgw7QhNOxLTtmrdkmmXRlK3nfWdpIo3q1H0ENd9MWE9ftlg6bGtlh2GX88PDgqc1b3jRCXKKB5cWricUEJMxHCh745dcH0Hjj1NZCh47mwTS2bEbfSAvDi4adZ/1LsnA==",
  "encoding": {
    "content": [
      "pkcs8",
      "sr25519"
    ],
    "type": [
      "scrypt",
      "xsalsa20-poly1305"
    ],
    "version": "3"
  },
  "address": "5G7P8uTsFk2v9zDb3G9hiYEZLXQsJiPD7aGdz5Mk1q2WCZrd",
  "meta": {
    "isHardware": false,
    "name": "//Ferdie/1",
    "tags": [],
    "whenCreated": 1754999239134
  }
}