{
  "encoded": "wVuKovtzU6KaCq6l2bTBNCelE3mbGqkjzZitab0wNbj+BqOEthltAoWXXX4lEmwGEy35Zgi3f3t5bS/s2Hkxe8/lulG/e1Osuq8btm7MsA1XpW7NajOuidU7iExYxiYvlkXkn2aZFZoZzZhZHtUILoEzxgT+eZTreKHg5XI2HOGKc7A1+SPvng==",
  "encoding": {
    "content": [
      "pkcs8",
      "sr25519"
    ],
    "type": [
      "scrypt",
      "xsalsa20-poly1305"
    ],
    "version": "3"
  },
  "address": "5HYudTkUYF26AJRSJhXyqVjeWyJ4z53DfBSNax5KjSjYMqPb",
  "meta": {
    "isHardware": false,
    "name": "/Eve/1",
    "tags": [],
    "whenCreated": 1754999237864
  }
}