{
  "encoded": "VQDI5xC/fo55241lIzC50cBIsX5dQpVfzBcdqCvefU/RUCZ80aT8GFPi8e67O9qOizSTBpt3L1lqGBpLYnDdVJhS6L7A+1xVKQz81E9LUxFiPhGDVI7s1XJxPAECsYlc0271jFFL6pCLHdqOZyaIkvdjoHqZ66Mx4AyiDjFumC9naKfBJ2gCrw==",
  "encoding": {
    "content": [
      "pkcs8",
      "sr25519"
    ],
    "type": [
      "scrypt",
      "xsalsa20-poly1305"
    ],
    "version": "3"
  },
  "address": "5GBiLTF2zcBUnMbwkZPAZSAGgqxd7RRywCK85vrXSnV5eCZz",
  "meta": {
    "isHardware": false,
    "name": "//session",
    "tags": [],
    "whenCreated": 1754999239749
  }
}