{
  "encoded": "4SmdRS/kbXkWIctMNi2gF0lvP9LJ19H57GXHlYicTAGHDa5G8ekjBBc9HljoAR/XtdkFoaBXNULkYEmNX6f0uCzTq2aWFgPNB7h9eiLXlPyMSahqxLOn2oc8GGxRjfsmC6PURNKE+bi0dP0iZrLhiQXAojZ0mozfQVieENY+7Xt9hWumUzWSvg==",
  "encoding": {
    "content": [
      "pkcs8",
      "sr25519"
    ],
    "type": [
      "scrypt",
      "xsalsa20-poly1305"
    ],
    "version": "3"
  },
  "address": "5FHneW46xGXgs5mUiveU4sbTyGBzmstUspZC92UhjJM694ty",
  "meta": {
    "isHardware": false,
    "name": "//Bob",
    "tags": [],
    "whenCreated": 1754999238337
  }
}