{
  "encoded": "pfCYw9y/W97gS8I/BL2Xu99msdQ7CZK+0hNO6jvyFDIcMTfkooMnlNWX72GbL8J0AN/P/ApxPyw0vI+2pXUI0in8j21ERDbz7NAlqIwmFk348fJQLa6VtApfeyFe+xdyTqgV8BCF/avfkyeh63xiOAri1jrkvjstEWDJYrZOAGIpXDgvinggJA==",
  "encoding": {
    "content": [
      "pkcs8",
      "sr25519"
    ],
    "type": [
      "scrypt",
      "xsalsa20-poly1305"
    ],
    "version": "3"
  },
  "address": "5GjXqvZbBwuAjCcb8A1UcpwCV97tALFZ59Pwz8f1bGMgESQK",
  "meta": {
    "isHardware": false,
    "name": "//Dave/controller",
    "tags": [],
    "whenCreated": 1754999238846
  }
}