{
  "encoded": "n8BLbf+ZXSt8vL8TwH0166t08idwrqb3xm6rot0WoqZk8VMvDNJZU7IwdBziGc596lTf+yCoAjgoV9iD+2svg12DpzkGVZUBN1WShdITNrUi8n87R5b0UiPzxhkEdMOqoQiZRNSUifiFlA2SbwyPmfIZN8Nn21FwS9U40kTeFAeUIF+hZu7t0w==",
  "encoding": {
    "content": [
      "pkcs8",
      "sr25519"
    ],
    "type": [
      "scrypt",
      "xsalsa20-poly1305"
    ],
    "version": "3"
  },
  "address": "5FvQJ83HJm6qNKQUuiiL71h7ZAhqpNMecaaoCNDQBHWXksyV",
  "meta": {
    "isHardware": false,
    "name": "/Bob/0",
    "tags": [],
    "whenCreated": 1754999237279
  }
}