{
  "encoded": "P1KJchc6fQQAoLbd8lDp0COllygdYGUvKled4p/NOEeCc5Kguk8lkr/5K7Lx0CR4yXcYMXf9RCpOUwVy1ZHba9+6aLhiQLRfWhzE778LyD8lqJC25B4h3NvmODVFrS/M6ZJbyRTgQQXFHQxawm5vEd1M71I0954/pbJAwDhDopG6UlLLy8ALVQ==",
  "encoding": {
    "content": [
      "pkcs8",
      "sr25519"
    ],
    "type": [
      "scrypt",
      "xsalsa20-poly1305"
    ],
    "version": "3"
  },
  "address": "5HWQ5Rg5NEMhz7qwhS8SeQg6KRSH6AQQUbA1XxWhtz7mEmrD",
  "meta": {
    "isHardware": false,
    "name": "/Bob/1",
    "tags": [],
    "whenCreated": 1754999237315
  }
}