{
  "encoded": "IdXezqePAdTEQLJtILtGMbTBq/wx6TaQJNyH9GBt3z0iBT1qzdD6yM0il/Qit5hEuNEa4UfyTAgKZBXlHPPoeDVkwQDu8XIIRUd56sxbda9XS+vy/Qo70DxfB2RbYxBktwM7MYLSw+i2YtXQWC3BSZn1UdWEq2QNow4UycwgK+a2CULA4re1Xg==",
  "encoding": {
    "content": [
      "pkcs8",
      "sr25519"
    ],
    "type": [
      "scrypt",
      "xsalsa20-poly1305"
    ],
    "version": "3"
  },
  "address": "5DZUNNXpqnT54RTxswtnU8diP55ioPmdLks4DxMZx8NdgNDL",
  "meta": {
    "isHardware": false,
    "name": "//babe",
    "tags": [],
    "whenCreated": 1754999239822
  }
}