{
  "encoded": "AAum3ZoFweDwKBlD7q+39PRPV8UJX6oHisygz8Vm0H1exi4wemkplUZVQL3txHKdfqRKj2L9CskeZ4+l8y+ej5q8b9ZVUtNChdZgd7wL+f41Z5vz1/E240NjOZfFjeKdTMOSyWnIrjlrUpgLi26faNcEeLgjK9OiDniSm62o2XIvs7b0Spx19g==",
  "encoding": {
    "content": [
      "pkcs8",
      "sr25519"
    ],
    "type": [
      "scrypt",
      "xsalsa20-poly1305"
    ],
    "version": "3"
  },
  "address": "5HbJP2BqiPjpp1VvmfukRgNovAn6QuzFvEF4xpi1fHdBhRvV",
  "meta": {
    "isHardware": false,
    "name": "/Charlie",
    "tags": [],
    "whenCreated": 1754999237425
  }
}