{
  "encoded": "rDf7DMdoOi3BdEdXfLJbAWuQQX9RdL24HzXRKGujiOBU3mDi7ZSOjflBI4kJfBN8OTOE+Av2sn1EcI7MktBCEZ9IuklCfjK02uPE7f8GK2M92xRWEALtlCfgf7rLOhjGjGThmc2Z636v8ludpbWYBRU5QP05WYL3czDXayYkwS4SRNqRwwZrFA==",
  "encoding": {
    "content": [
      "pkcs8",
      "sr25519"
    ],
    "type": [
      "scrypt",
      "xsalsa20-poly1305"
    ],
    "version": "3"
  },
  "address": "5D34dL5prEUaGNQtPPZ3yN5Y6BnkfXunKXXz6fo7ZJbLwRRH",
  "meta": {
    "isHardware": false,
    "name": "//0",
    "tags": [],
    "whenCreated": 1754999239457
  }
}