{
  "encoded": "UwtB3Mot6KIBXVYl+wlasoPilTfjBXlki9/Y2kFf4feYBlTAbxyPMERWkZXji+up5JNEyV7S6yHWUWlJNz1dLwQ6GI021f+L5WilXhSm5tOueCEBX7QSIm+WKkemW8KaNOYsdXWm5o7TbbNJ6Cpt96j+40BFnNOVoPZLTMQOSHBjjDIYwJB54g==",
  "encoding": {
    "content": [
      "pkcs8",
      "sr25519"
    ],
    "type": [
      "scrypt",
      "xsalsa20-poly1305"
    ],
    "version": "3"
  },
  "address": "5HnDUL5AmsZigiXhpixtoHMexcQsbxoNHkD9ACY8hReSuLXL",
  "meta": {
    "isHardware": false,
    "name": "/Charlie/controller",
    "tags": [],
    "whenCreated": 1754999237571
  }
}