{
  "encoded": "37h3LhvJUGSi37jlmC9yGgABxPkL5UJ0U8QJKvdpTCZmcvK+Rt/0oc4VnfsDNd/2M5nuq3WOPvdRtejWWWzn/xqaEitwnQchf1W/8sca9UEvFZtlFqfY7puNpFF+JZyyYYwns3w+R284GQR/PT2MlbPxZDRsKAXgyiY5ztZ2OCl6ay4+BAQKMw==",
  "encoding": {
    "content": [
      "pkcs8",
      "sr25519"
    ],
    "type": [
      "scrypt",
      "xsalsa20-poly1305"
    ],
    "version": "3"
  },
  "address": "5E9x2mzjZzenvFmkeNBSP74kg5bNBuYC7MePdFw3agojrRr7",
  "meta": {
    "isHardware": false,
    "name": "/Eve",
    "tags": [],
    "whenCreated": 1754999237791
  }
}