{
  "encoded": "bL6GwkEPz/6Ez8/ESjTbmpszu2fNaxLq8LbjUyXhotFvlS46ei0dqaqOFnS4xjO2yeU8GyqRCKFAABJSroqE4vsn9oAk5gpp2po96C/5Kq8Vr2nAa3XlFYH2SGxd1sYJ8lOMeKUksyy0AbcNhxwXeR1GzdnUA2Ajcg80s+Toy/3RKYNJ5Tym/A==",
  "encoding": {
    "content": [
      "pkcs8",
      "sr25519"
    ],
    "type": [
      "scrypt",
      "xsalsa20-poly1305"
    ],
    "version": "3"
  },
  "address": "5DAoY4mrmrnCxJ3FEsmb2NGMau7N6KUJShTLC1X47bSECGTN",
  "meta": {
    "isHardware": false,
    "name": "/Alice/stash",
    "tags": [],
    "whenCreated": 1754999237169
  }
}