{
  "encoded": "s3ZrJd7zp69u/EGH2BvfGUdXF9LhePp/EpYWc2St7UViu7z7f4SUcW1CpKgV4n7aVSef2p9I7hcLXNqdTR9NMlSvPdzWLqKvFISO5HeilQHfuaUsLcCSAj47vJKU+gvhkIVqK00hFMWJayFfkuk8aDCNg3tUJcrj/KGbEKCoev9gVGbFvVb+2Q==",
  "encoding": {
    "content": [
      "pkcs8",
      "sr25519"
    ],
    "type": [
      "scrypt",
      "xsalsa20-poly1305"
    ],
    "version": "3"
  },
  "address": "5DiDShBWa1fQx6gLzpf3SFBhMinCoyvHM1BWjPNsmXS8hkrW",
  "meta": {
    "isHardware": false,
    "name": "//4",
    "tags": [],
    "whenCreated": 1754999239601
  }
}