{
  "encoded": "VyTFVhj0IXe3+JGI8L6BQOLOHtBab3BD3EIfRQFyGsNydBBUT9LHQjUYgJ78nBg/bKmAR3rZeoK92IUli1VI0FuXQpzLczMGU0Vu6REQ0F/XBiWe4WDWzLDcjs1uOENvZTd/v0dZMA9q6ObIXlpSpMcmghTuBW3Pjto7oQFaTwFStcorFmJigQ==",
  "encoding": {
    "content": [
      "pkcs8",
      "sr25519"
    ],
    "type": [
      "scrypt",
      "xsalsa20-poly1305"
    ],
    "version": "3"
  },
  "address": "5C58EL8bSKMuvHZ81BdX3hnK8Lr9sK4JWPLhsUYKZFnVF2Va",
  "meta": {
    "isHardware": false,
    "name": "//controller",
    "tags": [],
    "whenCreated": 1754999239711
  }
}