{
  "encoded": "yhHV825VZwXScl1e3MvXqromJlZXvT2mo9uinI3Od91nIOzSXY/7H3pCQHoLTduTPfbF6AV68pyQtFA4yBQkT+WMvvxJ/ctcd6arNjumDMUK5kyc1Jdh0eMW3RvD2tTNycq4ivFUrueCUfT5bmOgdAp3CbmeR219FW+R8mAZlgY4ZO+TBb3PeQ==",
  "encoding": {
    "content": [
      "pkcs8",
      "sr25519"
    ],
    "type": [
      "scrypt",
      "xsalsa20-poly1305"
    ],
    "version": "3"
  },
  "address": "5DqwVjnYsmg4UG9nTXNnfNCPkHcSVtdZCqoJuQHJXooT6du7",
  "meta": {
    "isHardware": false,
    "name": "//Ferdie/stash",
    "tags": [],
    "whenCreated": 1754999239169
  }
}