{
  "encoded": "TF1nvHgOWwrZd58ahmTtVblxbRiH6sPxJfTC1xJnm33Psa4FuTK22jLe5I5dYY852iF3guoRzkRGFE9kQ91feNo5GNqr2gTJg+XfVrN+5jbGrRaaUge8+Wg68Lc8b5ZjDELVC95pP7mk3v4SEspVKBs97kz0Z1GLIQ6n/vNhRKzrLygD+Y1SAw==",
  "encoding": {
    "content": [
      "pkcs8",
      "sr25519"
    ],
    "type": [
      "scrypt",
      "xsalsa20-poly1305"
    ],
    "version": "3"
  },
  "address": "5FsTzVAXg2fJcpyaqQZ9WNg4yR3N93FGjDeVS9Ck4TVGZJVj",
  "meta": {
    "isHardware": false,
    "name": "/Bob/controller",
    "tags": [],
    "whenCreated": 1754999237388
  }
}