{
  "encoded": "qz7NuKr3xTB7U+L7CiWpUFc1Na8WXO5NtYZ5n1WbbguP+Q3JDX6Lt3GT3Nodvl0LQWQWuHj+clNjYVJU1e+JDLnvZkBtQonaGmYmpD8jGiAkBziPjiy7bMicFs0Vo4Y8Jpv21rewuQ9Yn2fPj/E/cPP8URKyxS2B2EoZV5g/reqc81TwTBvScw==",
  "encoding": {
    "content": [
      "pkcs8",
      "sr25519"
    ],
    "type": [
      "scrypt",
      "xsalsa20-poly1305"
    ],
    "version": "3"
  },
  "address": "5DAAnrj7VHTznn2AWBemMuyBwZWs6FNFjdyVXUeYum3PTXFy",
  "meta": {
    "isHardware": false,
    "name": "//Dave",
    "tags": [],
    "whenCreated": 1754999238702
  }
}