{
  "encoded": "tWgRMiJ7Ije6zPYRhKXO42NIMwkcoEXobD0DTlCm8ZVy1P77fPO+8z9lfeJLPjY1m/Mxmcu7IGoD0dvzDZTPS44vfx5i4SgzdrEDcQa/F3GhiHGNL2ySc5f0gDjV0evnBu3faU+ldZT1N3jJJ0tkvI9sNR6fkIsueO9+Pyk7YAanEcNQFOyOOg==",
  "encoding": {
    "content": [
      "pkcs8",
      "sr25519"
    ],
    "type": [
      "scrypt",
      "xsalsa20-poly1305"
    ],
    "version": "3"
  },
  "address": "5CHqEzcR3yB6uP4vhyTpPds2KJpF7uQNAaBLV7pLRcAjBN2k",
  "meta": {
    "isHardware": false,
    "name": "//Bob/0",
    "tags": [],
    "whenCreated": 1754999238374
  }
}