{
  "encoded": "5rRK//qGi8yAFuP59F0rHARyI4owPzH0wabcSTDgRMjIhMzF7/1izpuf3sEo2ccXGugtN7/30TFa9Yb7quUmjx3OgMhjm5Z9Unshgh84gv/6JGXty9eSQ4Dk4NqOVxUiDxVDg5qP2MglH3YJn3IRxnYL5zTNlAQy+n48BIWgrjLBFdOrbqgRGQ==",
  "encoding": {
    "content": [
      "pkcs8",
      "sr25519"
    ],
    "type": [
      "scrypt",
      "xsalsa20-poly1305"
    ],
    "version": "3"
  },
  "address": "5Ccj5QchVJ6wZXGEn9Xymi6pnifeFwUBZyADaBE8aPGT9qUo",
  "meta": {
    "isHardware": false,
    "name": "//Bob/controller",
    "tags": [],
    "whenCreated": 1754999238483
  }
}