{
  "encoded": "znidf2cxHHUxOf3Yd6LTCUe+GtXFnJBitHDQm+heG2d+V425TlqmAmkl94ONLihPRggF1IGryKDWUOr4dO0BIVWaBRHz5D9OI1VZJrKh9LDpPBol0mGQb9vS9R5nynv5axxIQRAX1nzKX42vinCJyJ2ZniWAXWTNTOGYOaYy0VJNXcny8qh3rg==",
  "encoding": {
    "content": [
      "pkcs8",
      "sr25519"
    ],
    "type": [
      "scrypt",
      "xsalsa20-poly1305"
    ],
    "version": "3"
  },
  "address": "5E7Fx7VG8EiURFggLsKU4d1sYmoW3URSu1xJJFFtGA8BbGX8",
  "meta": {
    "isHardware": false,
    "name": "/Ferdie/1",
    "tags": [],
    "whenCreated": 1754999238047
  }
}