{
  "encoded": "pqQDLuUfqLXhLjNX73DqWF+5L+obpOcWdKt/RT/ke5f+h66aJOITh2Db6ljDEF3tmiAIGckeSCIGKwzu8esQhkM6R4VRWQvXxR8NTzJSf359UNB83m54WjFnl+vUKqMn8Uqk4QFdl74UYeo0zUrbl5ldNbhSMFna81mT4/wEQCbdaNkQchTPcA==",
  "encoding": {
    "content": [
      "pkcs8",
      "sr25519"
    ],
    "type": [
      "scrypt",
      "xsalsa20-poly1305"
    ],
    "version": "3"
  },
  "address": "5GGcgeHHp8Vmgdp2UokEHTgsaXd5MLZg1zN74VJRehfHCrpz",
  "meta": {
    "isHardware": false,
    "name": "//Eve/0",
    "tags": [],
    "whenCreated": 1754999238918
  }
}