{
  "encoded": "g/GsxN4QfdjkW8cojAenzxbUlKceta2Ai3Xhb1oDI6ESMmZYOxneD89fMYRPop7qh6ejowP7ZhMqdHoWVrPCR3vksIfqzP/cgbaE8A/eTwCeCfYb7jfJRgBuQudRdWjONIY2+4TK105sRvqDrzc4qkm9MpXZTPAZif08PE7cYsFS1oRS76okMA==",
  "encoding": {
    "content": [
      "pkcs8",
      "sr25519"
    ],
    "type": [
      "scrypt",
      "xsalsa20-poly1305"
    ],
    "version": "3"
  },
  "address": "5H739xzALu7afMFkUxXvuYjj535TkvzXUrEXLpWPyLzxVFen",
  "meta": {
    "isHardware": false,
    "name": "/Alice/1",
    "tags": [],
    "whenCreated": 1754999237133
  }
}