{
  "encoded": "SYTSf1Rj/3eapEbXVMla07SVG3yF18K8XJk5LuymNzUk60+wOsQhtPkS9zn0Kx5J7AuascjMY3ozsv3zLOUjRtflb4eWGxccRIJ7QVMThm+h7T8nZa0klxIl/QB7Rbrr0YoHgkXgOdODYsVmciYG6NsHV01nb7nsP2CpU1yUmhPTgJ43jB4qSw==",
  "encoding": {
    "content": [
      "pkcs8",
      "sr25519"
    ],
    "type": [
      "scrypt",
      "xsalsa20-poly1305"
    ],
    "version": "3"
  },
  "address": "5HmRdizt91GTiVfrqn2rVjKMmH9krmF2DgiuvKtutYrqozA5",
  "meta": {
    "isHardware": false,
    "name": "//Eve/stash",
    "tags": [],
    "whenCreated": 1754999238990
  }
}