{
  "encoded": "oVnVFoaSS/nioAt6DiB+SqYxm+tQU07z8EG1z6iGk1PXU93GXXkqOmm6XWFb+PNkmD8SMA1jCAJG0pV0Xc55R22lLTWX6ywnpxcLk2bkwS45tPD4kUczaidhP9GZ92c7eyed+EzUg7ADKd2IcUod0loTEqemNVJAUcyM7n9X2Q8oYxO3299KxQ==",
  "encoding": {
    "content": [
      "pkcs8",
      "sr25519"
    ],
    "type": [
      "scrypt",
      "xsalsa20-poly1305"
    ],
    "version": "3"
  },
  "address": "5GWkYfrZSnUFY4k9MjaRLRs3P3jxTVUrtK29dErs5kexe2as",
  "meta": {
    "isHardware": false,
    "name": "//stash",
    "tags": [],
    "whenCreated": 1754999239675
  }
}