{
  "encoded": "Hz1c7BN4YY/BHdfnOS45I/zpJu9qkg4Dm66rcBX4W/J2Yo6NG2mjT5xNlhAaoGkYG7+e0bJmLzpAJuZmJINMKiJWncMdNpK98DnlcfeeTRg+G4SjUx9htJ1/asJwv2wU/JdbqN5kb/+KKP+MLYJABXJwi1/gzP8rmBKvog8yQpyJUBiYQi8sDw==",
  "encoding": {
    "content": [
      "pkcs8",
      "sr25519"
    ],
    "type": [
      "scrypt",
      "xsalsa20-poly1305"
    ],
    "version": "3"
  },
  "address": "5FHeYbdyaoYoTHJmQktqyWaJepdavNvnFVRduCVgnwtcqB7U",
  "meta": {
    "isHardware": false,
    "name": "/Eve/controller",
    "tags": [],
    "whenCreated": 1754999237938
  }
}