{
  "encoded": "6TUg7J0RGx4bi8DCqZHD+rO8o5iomX6eUy+KM1aD75Fi6X6aJiu1cZSB/kdWV2cSaKqVat+uDx0eUsStvPjCgLkj8yXRyRLo5UIuRn8tLALeSRxLHZGqby/b2uXzd5x/ddo3IOErKMxnUq0kE5HdmtUK4dApDTQCzSrfJyCuPUgZ0mnbPzbV/A==",
  "encoding": {
    "content": [
      "pkcs8",
      "sr25519"
    ],
    "type": [
      "scrypt",
      "xsalsa20-poly1305"
    ],
    "version": "3"
  },
  "address": "5GdqHCu2AdWCprqtQDsxDE6wdSZk2bzLGjto2okYLaqtpoMn",
  "meta": {
    "isHardware": false,
    "name": "/Bob",
    "tags": [],
    "whenCreated": 1754999237242
  }
}