{
  "encoded": "H/mCjjWu0mij9j1bd6LXh+49s97Eu+S9irgZBeMd3ZJV5/XJPbylTJ0FRUYEVFGXKcTPC4NewwjddKlDEVwSKdOoed3OC285DytRwW/04Lpg9+QjPrXGaBnqCyCE1BI9/npiak7SUnfLAKFVqjzBgvdNtcffLXTWRmqksBjYUPAR/R/mQA0kIA==",
  "encoding": {
    "content": [
      "pkcs8",
      "sr25519"
    ],
    "type": [
      "scrypt",
      "xsalsa20-poly1305"
    ],
    "version": "3"
  },
  "address": "5DZnGRAr28KP4GvbuxW2cBNo9Aodcm4QKUMj3Zqj67YjYStr",
  "meta": {
    "isHardware": false,
    "name": "//Alice/stash",
    "tags": [],
    "whenCreated": 1754999238264
  }
}