{
  "encoded": "AHvqQxfuw/lSruaga2S1ishwnpVlbw/gYA8viPRidTaSQ2qbDU95hr9wnTD/ceYFcavpgJjT1DFkWSrJ09O0c2NDeX/feVjv2mmUgNrk2UfL2t1ImqJEN6NzV+YWFVadgIvGqjBgLSHQTN32bm6ofabXc+71qTf1FBzfn66wAKq6jET3rDftQg==",
  "encoding": {
    "content": [
      "pkcs8",
      "sr25519"
    ],
    "type": [
      "scrypt",
      "xsalsa20-poly1305"
    ],
    "version": "3"
  },
  "address": "5EEzV2PH4PeUfyqqwe2xcG6aQ9sqg85ynGHPSiCezFb74JYQ",
  "meta": {
    "isHardware": false,
    "name": "//Charlie/1",
    "tags": [],
    "whenCreated": 1754999238592
  }
}