{
  "encoded": "bcVeWdv0MD9IFFzKMn0mE3jrpm9H1vXw3slUP35vpLA+Czg1l6Vp3e5afrS/hSZSmjXlwinsX1h0XfK8MYqIHeqrHSMhEOaWF0AmzTeh9nDTOffyi4tJJ3vYoNC2rTHxU7jCWpD0/iRzTHZFk/6NHLDIgfxTu1y3/15F/5keeHdz3ujJGP7R8g==",
  "encoding": {
    "content": [
      "pkcs8",
      "sr25519"
    ],
    "type": [
      "scrypt",
      "xsalsa20-poly1305"
    ],
    "version": "3"
  },
  "address": "5Gpy8usRhKWiJVUR6AbXT8ZckMjJoG1RoAH8m5YiXebAkrVE",
  "meta": {
    "isHardware": false,
    "name": "/3",
    "tags": [],
    "whenCreated": 1754999239349
  }
}