{
  "encoded": "MR5bEqi4nvBYwv1lp4M5hrbMnfONjfZqIN8/4m2wMKygzzi52p9qKi1DMfplCD5L1kL1CwDROVtVi2YWptwBrgtczgui1gxPwuWMSJu0zhvgHVWPGQoL/czZt9/BPUoW14DG9dz2LiJ7cGN85yTTlX5Y7lWYCUeB4s29vWNjyCmwvVypcdY17w==",
  "encoding": {
    "content": [
      "pkcs8",
      "sr25519"
    ],
    "type": [
      "scrypt",
      "xsalsa20-poly1305"
    ],
    "version": "3"
  },
  "address": "5FKxrLQM24ZhLxcaQfJR3uMxMZh5gU6E4CP3yghPJLzCDnHN",
  "meta": {
    "isHardware": false,
    "name": "//Alice/0",
    "tags": [],
    "whenCreated": 1754999238191
  }
}