{
  "encoded": "CW1G/9DbaZ30bKy3kxxzXt8ls8816msD2V5nOyChgsjGxADsrVPY6+/ZUlMlRxsDhN7NBksZLPmiJ1Ph2PNMlHHtAAKntjwM126J6FkBsa8KuyoQV+yk/gA+TIiNl21tewQcJirjQhJ9aLNZmuCn5AwuAwQPgtONIPmBYqct31Pg94BLSdJAHw==",
  "encoding": {
    "content": [
      "pkcs8",
      "sr25519"
    ],
    "type": [
      "scrypt",
      "xsalsa20-poly1305"
    ],
    "version": "3"
  },
  "address": "5Fe9GwJNe54eU2oPv6LSdxas5WgKvhMqG4ArJX3ykmNzxxGq",
  "meta": {
    "isHardware": false,
    "name": "//authority",
    "tags": [],
    "whenCreated": 1754999239895
  }
}