{
  "encoded": "0pC6fuRTb22Lke4xxzGUulRtkGucIe++cBKwNqjl7nZTEHuHRnzOYJNlmQEe/nm/kUGjsxYg6mIxKUoqPwXbQkFC+eP2AyE0BFT7t/3OIPb3Ub/alAhiV2h/NnBSSipcnySfdCHvCNbZYd4E+2UfvAZRLSG6fePljeryh/rASfEjw9gDdxgzHg==",
  "encoding": {
    "content": [
      "pkcs8",
      "sr25519"
    ],
    "type": [
      "scrypt",
      "xsalsa20-poly1305"
    ],
    "version": "3"
  },
  "address": "5GvKEoc787uDV8etY1AM8vF385edu2iyqD1WfCjDugzLUiAL",
  "meta": {
    "isHardware": false,
    "name": "/Alice",
    "tags": [],
    "whenCreated": 1754999237059
  }
}