{
  "encoded": "ot+mYljwVxJPg1m+2HMCsoWA98VO8FP+IUZUwOju+nTVDN20+RUJfr3bS4g/8lbq+wQ88h2QU5K+cy1Gcvqe4E6OZ63dVnaWjNeErGAR/M7Lq8+Sx1adWIywf8h1RyxduFr88Ph5O0Fbis6lHBQTvgXhVTCg+b6SsRwZ/TJ9sAvZ+tbdtQBqqQ==",
  "encoding": {
    "content": [
      "pkcs8",
      "sr25519"
    ],
    "type": [
      "scrypt",
      "xsalsa20-poly1305"
    ],
    "version": "3"
  },
  "address": "5DcSdLNVFmx1vT7For2vZBk9KUEbDboNfkzWZdh5p81fuJyH",
  "meta": {
    "isHardware": false,
    "name": "/2",
    "tags": [],
    "whenCreated": 1754999239313
  }
}