{
  "encoded": "KLsJgmX2bNN5Svn9834wbrfB7+ZLJLBVcCbwCFuSXQvpwc/ThAzr0ocn9uxRudm0iaIoxeObrSraKJVfQAqu3RGBJ4Hwn2eLE46uaaOe0F9E+ttUmElwZspwCbelc3I411aJENpmiHVmd8EF68kQSXdyGj89KiHFApqv05wCWG6+72hx3z03yw==",
  "encoding": {
    "content": [
      "pkcs8",
      "sr25519"
    ],
    "type": [
      "scrypt",
      "xsalsa20-poly1305"
    ],
    "version": "3"
  },
  "address": "5F4H97f7nQovyrbiq4ZetaaviNwThSVcFobcA5aGab6167dK",
  "meta": {
    "isHardware": false,
    "name": "//3",
    "tags": [],
    "whenCreated": 1754999239565
  }
}