{
  "encoded": "R2t6r+VKSrkfqrsPOzL+CVeKskB0oans11w2x7Ph0riNo3ldwLUGAm5vUbAnJ6PkDPlb/pC7MgqmxdtMft25XySzJ2WXs38V7PM6hKw9YgUkc/goAR3AFMXdB5tnLQ28x+yf2mufvdOty7NTt7Pv1I7V48g4QLq3AqlSG5v/zO+OXeem/SPSGw==",
  "encoding": {
    "content": [
      "pkcs8",
      "sr25519"
    ],
    "type": [
      "scrypt",
      "xsalsa20-poly1305"
    ],
    "version": "3"
  },
  "address": "5CQLMQisbS3F4PLs2yvHwfR8s4dnToDUgTfUaeqBTcxxDV9u",
  "meta": {
    "isHardware": false,
    "name": "//Eve/controller",
    "tags": [],
    "whenCreated": 1754999239025
  }
}