{
  "encoded": "QNA8layXpaxC6s00nJZM8O7KjNcsWMooFfFlUi4Bj30576eDpGqGBWa53X/NgRjzxMXe07u50ywxP+oo9OyYcHxbaGS65lsWMAKHrjTU1+VZ/VgjQ5NQBwgXR2Z7rst3GAR0cBYzufdLzFeWuv/q+yuNodnVU/n8E7K8c0om3fh7vIFxmzDXYg==",
  "encoding": {
    "content": [
      "pkcs8",
      "sr25519"
    ],
    "type": [
      "scrypt",
      "xsalsa20-poly1305"
    ],
    "version": "3"
  },
  "address": "5DHtSQu67JWNnuey3wRP7x87a8fakVgFXMcREbFSmyNry4Es",
  "meta": {
    "isHardware": false,
    "name": "//Bob/1",
    "tags": [],
    "whenCreated": 1754999238410
  }
}