{
  "encoded": "CwZafhLLTeoB4mi2gT43umj5s0FUQ1q/dkXYCi8ZV8CPugDG2ostmeWygKKdJNAP3G48M0iloUyrIo/wccI0NSa/U/hQvttNqpelaKMguRn+sG8vL4ZlkQjYn0k5OnKbw0RlySVpasFEtEYUNbtHM3eGkmoRFwW343cyuiwufexh8eLNMXbWLg==",
  "encoding": {
    "content": [
      "pkcs8",
      "sr25519"
    ],
    "type": [
      "scrypt",
      "xsalsa20-poly1305"
    ],
    "version": "3"
  },
  "address": "5EFb84yH9tpcFuiKUcsmdoF7xeeY3ajG1ZLQimxQoFt9HMKR",
  "meta": {
    "isHardware": false,
    "name": "//5",
    "tags": [],
    "whenCreated": 1754999239638
  }
}