{
  "encoded": "0tdfxJS+ECvblLKnmRw9a4/LvhMXsSIXPDTqjDis3pLl2XmQcltOIxx74VJ31Wj1BQegbkA4R9zIdMJ/N0zz//eYrd57K6eL5FyK+nz9HFyepNqn87u5OAwgfkIo62xfoF7fRd2LAuX4/uwltQnDgLOlC7/nRfX+ckyfFrkWHnvkOghhGItBaA==",
  "encoding": {
    "content": [
      "pkcs8",
      "sr25519"
    ],
    "type": [
      "scrypt",
      "xsalsa20-poly1305"
    ],
    "version": "3"
  },
  "address": "5CXerxubhYhMaeSB5JZeZR1Fk9uKXNRxkAzSCefPMzQdJxqN",
  "meta": {
    "isHardware": false,
    "name": "/Eve/0",
    "tags": [],
    "whenCreated": 1754999237827
  }
}