{
  "encoded": "+t26tOdCu9NqDCTVU0yvfaC7CGvRi8yAPx+4LvlHa9QwNwlcmgf4xMQRVW4jl6M/9r2CxMTDBUDsv6YCzNwSRRpqbg9IF6zc292OMBCL0Ry4g1z1CoJkJ8EKujvhBTM5EYdaDGDsMCOtOQERSqBGNKKRzyqo+7AwIr9YCw56rykmDQ4x3wkn1g==",
  "encoding": {
    "content": [
      "pkcs8",
      "sr25519"
    ],
    "type": [
      "scrypt",
      "xsalsa20-poly1305"
    ],
    "version": "3"
  },
  "address": "5GBNeWRhZc2jXu7D55rBimKYDk8PGk8itRYFTPfC8RJLKG5o",
  "meta": {
    "isHardware": false,
    "name": "//1",
    "tags": [],
    "whenCreated": 1754999239493
  }
}