{
  "encoded": "TU5F00zAZtlehdztRYc6jlbA4mlQlBiTAVPwsCKcz53CiV2b9DkDqcsqKq+JuuepzB5/nyzJuJl7rY3QW8bq1v12YZQsMu7/Rg/rrQhJ8EA0J+osnpoLqOWdinrY3EE4B28uT2CJ8kR/QV/Fi/0KYx3GQakXub8Rsr5RQ7aWmwGFre2aiprLwQ==",
  "encoding": {
    "content": [
      "pkcs8",
      "sr25519"
    ],
    "type": [
      "scrypt",
      "xsalsa20-poly1305"
    ],
    "version": "3"
  },
  "address": "5Dfis6XL8J2P6JHUnUtArnFWndn62SydeP8ee8sG2ky9nfm9",
  "meta": {
    "isHardware": false,
    "name": "//2",
    "tags": [],
    "whenCreated": 1754999239529
  }
}