{
  "encoded": "ScHnfRnMFx0iUJNM53omwxoGv5nYryauJEJso9KjA1YUHzOJvKKXToXfjCv2lT2Kz7k+ds3htMqsmj6AM/NWtK2Fo3oufkDPay8fwtJJ4OcdNydpf+C0L/qjZmyInMJibPraaZRRjRQFCBgR1MetZrpxCA0ehb0kCaOKdmYVbCnaWDsM2LPDvQ==",
  "encoding": {
    "content": [
      "pkcs8",
      "sr25519"
    ],
    "type": [
      "scrypt",
      "xsalsa20-poly1305"
    ],
    "version": "3"
  },
  "address": "5Fvd1DuXMKsVFpED6iTs6n1pmNKv9Knc5uBcMrp9td1rSPtf",
  "meta": {
    "isHardware": false,
    "name": "/Dave/1",
    "tags": [],
    "whenCreated": 1754999237680
  }
}