{
  "encoded": "jw9Ss0s0iU60uUGOR1XhqsLT+Rr0Fayh+9SDxx0ingzJ9weKtDFFy+zfZVdagTbtklwho9HcyAc3zI0AwAz0JCrQYupZP0XAs6q/h6hqtZwMcqqr72tqw5APdFPoYbxz9cLnABJYbHxxEMD63yjMpf66QRMiAPDxmW2rwa1uBt1ccmnRNxeesQ==",
  "encoding": {
    "content": [
      "pkcs8",
      "sr25519"
    ],
    "type": [
      "scrypt",
      "xsalsa20-poly1305"
    ],
    "version": "3"
  },
  "address": "5H1NfXEvx6pnuxShDGZN1jAGg7GYifUcorwtbeaGFF1XA86T",
  "meta": {
    "isHardware": false,
    "name": "/5",
    "tags": [],
    "whenCreated": 1754999239421
  }
}