{
  "encoded": "WRTIRbOCCDkIQF/n/s3eV0O2Wr/bQzU6X+znP6ZdcgQt6tySp3uBTa8m5CrX5VPLb/BMRxCwi9N84OktbrpP3xFUtPSU38Lbi0azYEeMoMb2EOxpoG5UIAqyIvRzC6MSfV2xyorawCqTQ8Lif1qtiW+J6njZ9dYKbfnwablSHeIEJZLRGJwZyA==",
  "encoding": {
    "content": [
      "pkcs8",
      "sr25519"
    ],
    "type": [
      "scrypt",
      "xsalsa20-poly1305"
    ],
    "version": "3"
  },
  "address": "5DP3MxUSQietBTPcQ6MR4kKDWrN6LBVgtriTBUikQkjgfWvS",
  "meta": {
    "isHardware": false,
    "name": "/Ferdie",
    "tags": [],
    "whenCreated": 1754999237974
  }
}