{
  "encoded": "JxpcPyHwzNln+00v0Pu5tMeV4+5nTlR3yzPWFRynAlNHRwZva5+90uNIJapAj45nCOybq2LL7d8y4rPztVvT8ltBzz4bIP4WIJz7H8I1C6Z1XCfDiHO+1GXlS7I1YSqbZASNDpcbAU3Oja1nEBdmugLZ4+9tdCp2F+sBlsZgFbAiLBXRlQYzxA==",
  "encoding": {
    "content": [
      "pkcs8",
      "sr25519"
    ],
    "type": [
      "scrypt",
      "xsalsa20-poly1305"
    ],
    "version": "3"
  },
  "address": "5HWJRzsDM9c2gNevpauWhSdbh7DQQCXGBfd6yoa9DXUwce78",
  "meta": {
    "isHardware": false,
    "name": "//grandpa",
    "tags": [],
    "whenCreated": 1754999239785
  }
}