{
  "encoded": "rhQTnnNXkS0Iicyw9lz24CmWMLP1dxkq+kP5Kq1WWJYwVXGk12byaJPso/FnQUVM+K5A3l14rDg0avvzWrWwC2XND0BAV6fP/EPh8/gSW9e+t/fSZ7zM8SiQ+rk42TdHxBk2G6RiCJn63PPgN8jXr2rLaq7FOnw+xfjXTQMAY2jth4kDqbEgYg==",
  "encoding": {
    "content": [
      "pkcs8",
      "sr25519"
    ],
    "type": [
      "scrypt",
      "xsalsa20-poly1305"
    ],
    "version": "3"
  },
  "address": "5FUdx3xPJdh2ZdD7DwPQRN2eMAFVUKpfPeoEZZiSraow9iVQ",
  "meta": {
    "isHardware": false,
    "name": "//Alice/1",
    "tags": [],
    "whenCreated": 1754999238227
  }
}