{
  "encoded": "F2IcfSRiIqRX1Ux5nB8Pmbja8T98g/WyM+u5LAAQuo6C8HjBce7UOzcvLs6xN7bm2O/KD9Tmx7aUKY3lZHs1u9ZbPbg0dz3c/4viYhPF9QmfUXmVOERZCVGkVHRaWklx3uIQFIrtJdZvjYxkDRy5mxjdjjSx8HwBoDlicmoBLfBsIhn+q+fjtg==",
  "encoding": {
    "content": [
      "pkcs8",
      "sr25519"
    ],
    "type": [
      "scrypt",
      "xsalsa20-poly1305"
    ],
    "version": "3"
  },
  "address": "5HMhWiYXPcr1K9TyV4etXDXuWa3bW34ZzZJugD5FBBXnXfFS",
  "meta": {
    "isHardware": false,
    "name": "/Charlie/stash",
    "tags": [],
    "whenCreated": 1754999237535
  }
}