{
  "encoded": "bdIiJ9004opZXCZH4Wgm5c5cCrul9V/g9VapunXnhCPSWCCr8BQLQmpChGxN8NwIYwfQ51RsD/G0nD7uIMTUv/RyFkbUP+E6TCJIG1RFCnEHh+2Lk1NJSQnJtUVZ4MUekBJ1Wa00llCoQK0aPVtJU7EJlZCRCUIZV1kyZcWJz9q6Zd16A7sEBA==",
  "encoding": {
    "content": [
      "pkcs8",
      "sr25519"
    ],
    "type": [
      "scrypt",
      "xsalsa20-poly1305"
    ],
    "version": "3"
  },
  "address": "5DCyihKprMsGj3vNzmhnCpx827jCTd4fHQzZAxyyNy7dBRnA",
  "meta": {
    "isHardware": false,
    "name": "/1",
    "tags": [],
    "whenCreated": 1754999239277
  }
}