{
  "encoded": "ASoLnL6ZW7qwnAOEOoEn5dhEL3D1lEh2mmokqVNkdKl3vecZ+RqTrZpxom3tJ00uBK8McPgC9ooSk4oPP2jSgJwcw37gHDLZCqPEbXiiuGlExjnhbQOL/3Y78JwgBXzPBcK8Y7R4jGx7pYzL++uQSWSerdD0N18WR/xQGDdfV6HMmv+3XfdP4g==",
  "encoding": {
    "content": [
      "pkcs8",
      "sr25519"
    ],
    "type": [
      "scrypt",
      "xsalsa20-poly1305"
    ],
    "version": "3"
  },
  "address": "5GrwvaEF5zXb26Fz9rcQpDWS57CtERHpNehXCPcNoHGKutQY",
  "meta": {
    "isHardware": false,
    "name": "//Alice",
    "tags": [],
    "whenCreated": 1754999238155
  }
}