{
  "encoded": "vwjoGqwZwUdEvOw/hDDrerfL/x4As18PTUTw0Y74ULELI7KYrYpy2XcdjeuwHwmMEen1NwfIEyFKrjEQLRXI7EQYNm+B6VNe5gASO5LFFgbpC4FCQXG5DoXY5jmq4SdARi52WGPjw2fMnObIm/szpxAyRxvg30ixYSaZE/KPtQJTi3QZvibEOw==",
  "encoding": {
    "content": [
      "pkcs8",
      "sr25519"
    ],
    "type": [
      "scrypt",
      "xsalsa20-poly1305"
    ],
    "version": "3"
  },
  "address": "5FeD15uf7x3BhWEnYwUDrwqodsyW5K3ofHeqwGn1omfQavbR",
  "meta": {
    "isHardware": false,
    "name": "//Bob/stash",
    "tags": [],
    "whenCreated": 1754999238447
  }
}