{
  "encoded": "3djv3FX71b4A3Eeg1/3fZ9EdgkyPOVyhZMV50LjoJ4RB/aKFUivocIjzotBTgfzFPb7QbC1gvuQEHHgvA1bBTATCXCvBwYw0riCWxeRBmtZCsciFaYD5FvQUF/VDEwSwG3mTL6JgcXRIMRX401nqT2BUr0pZzGHWr1r1R03Z+hxBf6mg9pSfdQ==",
  "encoding": {
    "content": [
      "pkcs8",
      "sr25519"
    ],
    "type": [
      "scrypt",
      "xsalsa20-poly1305"
    ],
    "version": "3"
  },
  "address": "5D5V3CwrKkc6VrS6vLQVfdb8YW6vvnY7C51EXusgsGSbtVRw",
  "meta": {
    "isHardware": false,
    "name": "/Dave/0",
    "tags": [],
    "whenCreated": 1754999237644
  }
}