{
  "encoded": "q+zcn8VPmx9xz01XmcR3C30uzBuCCSAQCLWg1LhIu+QQrqUOZJCSplHakzTEBki1g5d36Pe/8RuLfie56hIlAcRdJf/B+xMTGjPJ9g5es1GFHsvPAUqwonf1v8ZBB5xQS3tKoOLQVO4kFCD/umSw/NeOI24885EicsMruaJfKXPkgRFILyz5xA==",
  "encoding": {
    "content": [
      "pkcs8",
      "sr25519"
    ],
    "type": [
      "scrypt",
      "xsalsa20-poly1305"
    ],
    "version": "3"
  },
  "address": "5GxkF195Et3EcVqnYmgR862Lb477RYAoxQ4W2ws8EKqavPTQ",
  "meta": {
    "isHardware": false,
    "name": "//Dave/1",
    "tags": [],
    "whenCreated": 1754999238774
  }
}