{
  "encoded": "Ax/UwUkTkVF1UvpO/tBMNwOlV7AST53bfHNyyfSWZ85ZFdBI/xxdh7cYjWlvwIdP4iugyNM2vziFhF38WMiu0tHpkdhUORet6pJAuF3e1gEgm+MQ71+1JA//Dv4bREAdX8dDubyhka92Tdorx3bPgprWyxPVi2VAokbOUhbcSZjavFPZ2ZMYPQ==",
  "encoding": {
    "content": [
      "pkcs8",
      "sr25519"
    ],
    "type": [
      "scrypt",
      "xsalsa20-poly1305"
    ],
    "version": "3"
  },
  "address": "5Coj1TfitxC6dgpi78T5BcHjRR3M2tc6XZTjvSSifxuSoByU",
  "meta": {
    "isHardware": false,
    "name": "//Dave/stash",
    "tags": [],
    "whenCreated": 1754999238810
  }
}