{
  "encoded": "OrmXGN9zxbNBlfeByANTQHxNfUlLdH1azAAy4TJZpRtsajaHyFLk0V++d4wAFyfsxe6RxuvicEXhY6gp3q+W96mXtSenuICUKlu5D0qLimo6eMJYqEID9ijKjniuouZ4BM0LoSQRqsKxuBZX1JgK4uefAH/KgBoflsipzpRYg4mfcyCjX0Fd7A==",
  "encoding": {
    "content": [
      "pkcs8",
      "sr25519"
    ],
    "type": [
      "scrypt",
      "xsalsa20-poly1305"
    ],
    "version": "3"
  },
  "address": "5GppQFNxpKQoSDnp41vzaANPTxc8dkY5V3Q8ygnoVEoQtYsr",
  "meta": {
    "isHardware": false,
    "name": "/Ferdie/0",
    "tags": [],
    "whenCreated": 1754999238010
  }
}