{
  "encoded": "dVVb7k/zpZUJAqQkq9CsLebFYyl8WQrTz+hGxr/lokEpgJVA1B7Rcdatheyy+pQvGBHMP3Qy8LhYTP0hB1MmDPY/EDSgtm3HRNvkC53Ze7bA/KO9L+oEJAGFops7q+bCVtU5q5Sv0Ehj8vRXNET9ASLmJSPNR2abc2UlqbnocZ0HstB+gD5V3Q==",
  "encoding": {
    "content": [
      "pkcs8",
      "sr25519"
    ],
    "type": [
      "scrypt",
      "xsalsa20-poly1305"
    ],
    "version": "3"
  },
  "address": "5CrQLNQU7RVfKR4JZhN7iQubPgccbVn1U8BHiBbzraGAqoSR",
  "meta": {
    "isHardware": false,
    "name": "/Dave",
    "tags": [],
    "whenCreated": 1754999237607
  }
}