{
  "encoded": "L9oRBwOR9Dyfz/uHjvabWN1cltBRrpm/TdIQ4mD7cjw2Wl/1RNCAHjAnyUSHUuAxzCpHg8tdvbPtS9jbvsnIcMI02pAKxgn61QBr9jy5tm7ECOlyZt38e7ibgM1qdZZQwWsPBieTsRU6ZHRyb9iJlZ5gtB/wjWyNG8/MsATKlAMt/+pKUGPrkA==",
  "encoding": {
    "content": [
      "pkcs8",
      "sr25519"
    ],
    "type": [
      "scrypt",
      "xsalsa20-poly1305"
    ],
    "version": "3"
  },
  "address": "5GYzKuS1ePMYcafjt5XDXXXmYym6o9QPdShBrqLiEvhiL5qe",
  "meta": {
    "isHardware": false,
    "name": "//Dave/0",
    "tags": [],
    "whenCreated": 1754999238737
  }
}