{
  "encoded": "RJ82rTC/OA0mSNgwns3rfDHj7gmtXkXyyxl/jj0O++HDXASksYgdi/kK9sgseSW96Jo3Ow9yqPFFUVhYp5kZ0QZtzM5DUk119aDNZ4NGFDczXpwpBrhQqXtVfwtbGi4oitYKIdfREoUy5/BOWNI48bBQMzqrHkQAj3GxiOtdDIRxKS7q/yqkUA==",
  "encoding": {
    "content": [
      "pkcs8",
      "sr25519"
    ],
    "type": [
      "scrypt",
      "xsalsa20-poly1305"
    ],
    "version": "3"
  },
  "address": "5GazihjVayfGCe5Wh5hcZoHTXWxMwH4EUKP6kM8xBgmtUrnD",
  "meta": {
    "isHardware": false,
    "name": "//Ferdie/controller",
    "tags": [],
    "whenCreated": 1754999239205
  }
}