{
  "encoded": "qQdupLxO0H8e3ft05t+1n3/lEdoFsga4vh6KQK2E4ulO5JiVz/XtJV9NfHE2BZAatFgpKKiIh6WwWwB3RtpoSc/cgJaDzGy+7yn+z74fusxlg52R1a3un+C1q4c7lBREBDOBt3A/IUQxivcwSRZvUM9wgDMX8nxc60ZDyBMFH17FYiHpkHkMow==",
  "encoding": {
    "content": [
      "pkcs8",
      "sr25519"
    ],
    "type": [
      "scrypt",
      "xsalsa20-poly1305"
    ],
    "version": "3"
  },
  "address": "5GznLCk5jfAZ6RCYFu2V1pSSC1Hy9k2NiFaiNadtvzDpAfGA",
  "meta": {
    "isHardware": false,
    "name": "/Charlie/0",
    "tags": [],
    "whenCreated": 1754999237462
  }
}