{
  "encoded": "Ve/RVIyrCuet1tmtmIJ2WZSJEpwFz3rKPVrOmGtOliB7bkaqjL+xyTBv0fa923rnXvwalioh6IoioVhJQxezR5FjIr2RuSEvaZfIqJBZr817DhQLeEYBrnoExgs4VpjXD+yrmLirvCOE0pT46P6wW/d0o1k4y/x9T1F/Hx40raxNWUWvsF1gWA==",
  "encoding": {
    "content": [
      "pkcs8",
      "sr25519"
    ],
    "type": [
      "scrypt",
      "xsalsa20-poly1305"
    ],
    "version": "3"
  },
  "address": "5ETzTkFUMX4HG1qJCBoz7aqrV195fFydqTBDkXxWgbtk77mh",
  "meta": {
    "isHardware": false,
    "name": "/Charlie/1",
    "tags": [],
    "whenCreated": 1754999237498
  }
}