{
  "encoded": "jm9bCk0ytzh2Vo0clhRN1R8y578/cqWxZGktZ04H+ZkFh9MaVUCr0H6sq+9ak+6nRuERZjDYGbiUpjady0s4FxrOMwZF0BOctWjVPNXA/yTrGs0J5LvkuVhQk00yXGY8ZBhlcUyTJR0l0nK5q9chDYL9JKSlS3KOTYiegIhHA2CDSKp/ChNOoQ==",
  "encoding": {
    "content": [
      "pkcs8",
      "sr25519"
    ],
    "type": [
      "scrypt",
      "xsalsa20-poly1305"
    ],
    "version": "3"
  },
  "address": "5F6Y4gGusEspgy9FriMMDJZVx4Ro69C1EAtkebuDPhsEmjmd",
  "meta": {
    "isHardware": false,
    "name": "//attest",
    "tags": [],
    "whenCreated": 1754999239968
  }
}