{
  "encoded": "NbVQtkU7FRYKTQg7ykBWFEa+puo5xWFp3y7nUlAGX3qkAR4UGQsCkljnkz2gjqMIzHo2qbGNQtLLZg6HnvDEBG+ZiI8Ya8A8n9FkfvaulgUxcX0RPaGcMYSrSM8tFYyrwDOB+MJFC3qAXtxORRzry1VlgbJKHmBN0GPj7xXmX3YglSrshP8CUQ==",
  "encoding": {
    "content": [
      "pkcs8",
      "sr25519"
    ],
    "type": [
      "scrypt",
      "xsalsa20-poly1305"
    ],
    "version": "3"
  },
  "address": "5DkTPtbEHLq2V2ra5A8bnmZaVx4pgFFbdBf9ARdwvnvNBbdz",
  "meta": {
    "isHardware": false,
    "name": "/Bob/stash",
    "tags": [],
    "whenCreated": 1754999237352
  }
}