{
  "encoded": "I/3PVhtJJL00My6suN5Z5kG/qvGPUrLFUWIQn8zpfABF5tOgQRSsseQT5eUN7+C1B27fBuzAXhzUK0hMu6ZvTUsd9C0T9CFB4MUTFLYMbqZ3B4BgaJOsJyqyLup6PtcmcJLJiha+5O0Uv6+G1MAsH85G1NEAuAVVcSHGZmUctkXUz69zSMVJEw==",
  "encoding": {
    "content": [
      "pkcs8",
      "sr25519"
    ],
    "type": [
      "scrypt",
      "xsalsa20-poly1305"
    ],
    "version": "3"
  },
  "address": "5F48dA7HWDJpTksi8QXhzhtVotYrcaFQK8jc1bKBFTcgcGqr",
  "meta": {
    "isHardware": false,
    "name": "/Dave/stash",
    "tags": [],
    "whenCreated": 1754999237717
  }
}