{
  "encoded": "PETr9aSmDJDBpXgLbWLVmhSMiB5nbQ3296AP+iBtoHwL44x2p/tWh5l5uotznAonQ4XKAHaiQAhvch4d/EljagMpc7SLy2EhPxoGVREcCuHScYvANbT4g8Yk2Fl+I6D4jzyQUnkN/1pjM/IVh6iphyuebGqGM+rO5KZdVK6zC4eoAIg7tW8xgg==",
  "encoding": {
    "content": [
      "pkcs8",
      "sr25519"
    ],
    "type": [
      "scrypt",
      "xsalsa20-poly1305"
    ],
    "version": "3"
  },
  "address": "5CoZiYmREUEkDU2CoyYMpkKfaMV67BABRzaq1UkKVZwx25ns",
  "meta": {
    "isHardware": false,
    "name": "/Eve/stash",
    "tags": [],
    "whenCreated": 1754999237901
  }
}