{
  "encoded": "dC9okm4fc7YvXyXlM2oWgIP1KnYjKjU4ndbwNmfm1zvIfrWLoHdWISTPe/NBPCFrB3+3amJDCmmcwosFuefKs/gpkclo10kyq6/fYqH9NncSOP+BwsYo/0Y0kql4X6t9pHx2+jr8hOiFQyLGgWavkBkQCwXS6uRSMovWtuWg259OYnzKLiXFDA==",
  "encoding": {
    "content": [
      "pkcs8",
      "sr25519"
    ],
    "type": [
      "scrypt",
      "xsalsa20-poly1305"
    ],
    "version": "3"
  },
  "address": "5HTS6T8o4NEYtaJzCAZCFhps2MkAk8c1x8AshzKDoeEUVd2Z",
  "meta": {
    "isHardware": false,
    "name": "//Charlie/0",
    "tags": [],
    "whenCreated": 1754999238556
  }
}