{
  "encoded": "03jAu0oohtsw4sCYOkzcaN4salMBVk8cjqwxnEGZEEgU98S0VkavKQFvNf2nt894gUGvNwiU01zY2Akrf6DRmga1EE69cCorBKaYDdg8x2AqqZ5YLhA61cDzzEIwOcegTdgx+w1N2TvNJV1JgFLek86le5ApqzflYFluFi4r4typYMGsHFltRg==",
  "encoding": {
    "content": [
      "pkcs8",
      "sr25519"
    ],
    "type": [
      "scrypt",
      "xsalsa20-poly1305"
    ],
    "version": "3"
  },
  "address": "5GnYHDP9ywFjkFzSW2A7SMJrhdkvE6de8vFqhmXS8utppQ2P",
  "meta": {
    "isHardware": false,
    "name": "/Ferdie/stash",
    "tags": [],
    "whenCreated": 1754999238082
  }
}