{
  "encoded": "yncf+8jl+Mr9pv7dHzL5VHVaN27V3pibOW4qX8k42YHz408NGqlQAFk6cCrK48ZPjMDRxvUL+O8Btszi6elGxf/usv2vxThb78YGLlZdFohJIhxdCKO+CkyH60sQkEkcmnDkz5UdcUPZS+tCI1675Sp+NfC4DRwgtyw2ZQ0Bwc249JN5XSNmLA==",
  "encoding": {
    "content": [
      "pkcs8",
      "sr25519"
    ],
    "type": [
      "scrypt",
      "xsalsa20-poly1305"
    ],
    "version": "3"
  },
  "address": "5CAXipknkaKzpf2Pqh9Tmq1uBSkBxDBeHcEqpepyPnmELDZc",
  "meta": {
    "isHardware": false,
    "name": "//Charlie/stash",
    "tags": [],
    "whenCreated": 1754999238629
  }
}