{
  "encoded": "3GDuhZ+0F5of5Q1ftT3J0IaC7OniSoiMvkThRDHGcm/gGwSjF2VHuej9f1hsjjOJTo27WELZmCk3UB/Dep98Zx1qZqeQQeQFUOPyeVxuQzj/rmf8tnouJcYYe7AKijG7B4qALwUv8mhYisNkrIvg1D1iQ1ZbQmX45ti8WQZWUlPHXKI7Uzp/dQ==",
  "encoding": {
    "content": [
      "pkcs8",
      "sr25519"
    ],
    "type": [
      "scrypt",
      "xsalsa20-poly1305"
    ],
    "version": "3"
  },
  "address": "5FLSigC9HGRKVhB9FiEo4Y3koPsNmBmLJbpXg2mp1hXcS59Y",
  "meta": {
    "isHardware": false,
    "name": "//Charlie",
    "tags": [],
    "whenCreated": 1754999238519
  }
}