{
  "encoded": "Ijx9cKYswA1cDCOXbJSHvHoblnFWD3rnMKCPtmTo9cmWSgWMzquBAeCNDEXyS5SKM35U7dXdC1J5oER1wcjgZa/D23SlJlK3zRhxtT063VhNDoraTUj2HVVEm5sQU4gVCFQbaRDujRw0+sc085JPCbQ+6UnY9xH1sbeXY1ZEjiGALWrhlid4NQ==",
  "encoding": {
    "content": [
      "pkcs8",
      "sr25519"
    ],
    "type": [
      "scrypt",
      "xsalsa20-poly1305"
    ],
    "version": "3"
  },
  "address": "5GEDVfpZFdz9QZgP49kEZxLvEH5Fc6jnHJuwmAEtGXhWCCVH",
  "meta": {
    "isHardware": false,
    "name": "//im-online",
    "tags": [],
    "whenCreated": 1754999239858
  }
}