{
  "encoded": "YbffMbmaxwv009ZwWsGZb0xZqMHD0LgRNrmVh4ik/Xh+Jy7GOCcYeGOyrFxSmJ/1zQDrqzxJX+8/sUudNUZRSRTLXkuzltKcp1o11R+bauEx5oVsmTcUl9QAYkPHOEV0AIlFe3B1FVtPHQA9Wsi8QDH2UwL0QuHmhcTHhSm1uUqgdWz+RQhbDQ==",
  "encoding": {
    "content": [
      "pkcs8",
      "sr25519"
    ],
    "type": [
      "scrypt",
      "xsalsa20-poly1305"
    ],
    "version": "3"
  },
  "address": "5HGjWAeFDfFCWPsjFQdVV2Msvz2XtMktvgocEZcCj68kUMaw",
  "meta": {
    "isHardware": false,
    "name": "//Eve",
    "tags": [],
    "whenCreated": 1754999238881
  }
}