{
  "encoded": "V5Ait1RQNSk8pALBNfmCRwOwtaAvNBRPxHP//dM1NyXp6oCHiWMTGOqT+jvSHry2yYg90IbOivTmIGMvMyIgXwWxcfmx8sXom0g2eA53bkRUinGdZOrtKBDZ04ziAnrCskjszCQfUWqoSLCqqfvlw84YRqIvWfZ5zoDb9ZoLN0ee4GhaDDsmtQ==",
  "encoding": {
    "content": [
      "pkcs8",
      "sr25519"
    ],
    "type": [
      "scrypt",
      "xsalsa20-poly1305"
    ],
    "version": "3"
  },
  "address": "5FTgoSneEEwYnDb5CWp98hXMNnTo47BVZVYqKG7m42tnB14p",
  "meta": {
    "isHardware": false,
    "name": "/Ferdie/controller",
    "tags": [],
    "whenCreated": 1754999238119
  }
}