{
  "encoded": "kaZl3opZbxY9jrnAl9n2CZ+2+T44b+2F+7CVUxNuxa+b6ti6xQCKsJWyw78Uaukw/2a4bSHjtfWUHsRt7W0OTwR6Jm6UmItJCQJRcl7QLj+dgFpEj9Vi3KY6cWKKD0iKMKaqqxuu9K8qz4m96Jkch+mh9S/nA0KQrawnIKojGagsqIzqL5GcZQ==",
  "encoding": {
    "content": [
      "pkcs8",
      "sr25519"
    ],
    "type": [
      "scrypt",
      "xsalsa20-poly1305"
    ],
    "version": "3"
  },
  "address": "5FcH2d8amNmqMcY6fNsNpoLnCEK51wuovNtWto6kNAXzcMqd",
  "meta": {
    "isHardware": false,
    "name": "/4",
    "tags": [],
    "whenCreated": 1754999239384
  }
}