{
  "encoded": "lY1hUmbEaFYorGYKFY7R6PsFgLPWK/Ll7Lx/vbvYPEbrtKHItDfI77cTVl8OhEGx1j226cQVADc+xY+ORCEN4T8oF6qweyyTtNfwkihq5m/MIcoWg1Gr7ICQ6za7RcLVTe55fBflTNtrVbubZ2PRWewAOfHn3LH5NJyzxWsjw6tJkhqcTdvfCg==",
  "encoding": {
    "content": [
      "pkcs8",
      "sr25519"
    ],
    "type": [
      "scrypt",
      "xsalsa20-poly1305"
    ],
    "version": "3"
  },
  "address": "5EfJa56i4Zj6DRq3BA8eyyLeo8waVmJFiGZbWp3qghLb3YTf",
  "meta": {
    "isHardware": false,
    "name": "//signing",
    "tags": [],
    "whenCreated": 1754999239931
  }
}