{
  "encoded": "ozXaTcLwTzI6QlheTcnBG2y2j0F9gd1GiRqMOR0Dqa6PHRYp4d5g0/8/i7Y30vVPlJwInUJFK9c50sq0CcXyXrW05cV5l7yblvj3af76XAExBCp/r0CrIJwGun7jomlADAa/hjULLTnRhreS/ZbelZDYV8Q6Z4sBCSDnBqrOWcv18WYIAzStxw==",
  "encoding": {
    "content": [
      "pkcs8",
      "sr25519"
    ],
    "type": [
      "scrypt",
      "xsalsa20-poly1305"
    ],
    "version": "3"
  },
  "address": "5EwCZjuPYYZoLGNYBfgNuW9DsDrpnqdPfKiVW9ZNx5JAhmG8",
  "meta": {
    "isHardware": false,
    "name": "//Charlie/controller",
    "tags": [],
    "whenCreated": 1754999238665
  }
}